GenHapID	bb_url
HG01891_Hap1	https://github.com/maxgmarin/hprc-r2-rdt-testhub/raw/refs/heads/main/Data/rdt_anno_files/PBKT.HG01891.H1.RDTs.bb
HG01891_Hap2	https://github.com/maxgmarin/hprc-r2-rdt-testhub/raw/refs/heads/main/Data/rdt_anno_files/PBKT.HG01891.H2.RDTs.bb
HG02486_Hap1	https://github.com/maxgmarin/hprc-r2-rdt-testhub/raw/refs/heads/main/Data/rdt_anno_files/PBKT.HG02486.H1.RDTs.bb
HG02486_Hap2	https://github.com/maxgmarin/hprc-r2-rdt-testhub/raw/refs/heads/main/Data/rdt_anno_files/PBKT.HG02486.H2.RDTs.bb
HG02559_Hap1	https://github.com/maxgmarin/hprc-r2-rdt-testhub/raw/refs/heads/main/Data/rdt_anno_files/PBKT.HG02559.H1.RDTs.bb
HG02559_Hap2	https://github.com/maxgmarin/hprc-r2-rdt-testhub/raw/refs/heads/main/Data/rdt_anno_files/PBKT.HG02559.H2.RDTs.bb
HG02257_Hap1	https://github.com/maxgmarin/hprc-r2-rdt-testhub/raw/refs/heads/main/Data/rdt_anno_files/PBKT.HG02257.H1.RDTs.bb
HG02257_Hap2	https://github.com/maxgmarin/hprc-r2-rdt-testhub/raw/refs/heads/main/Data/rdt_anno_files/PBKT.HG02257.H2.RDTs.bb
HG01358_Hap1	https://github.com/maxgmarin/hprc-r2-rdt-testhub/raw/refs/heads/main/Data/rdt_anno_files/PBKT.HG01358.H1.RDTs.bb
HG01358_Hap2	https://github.com/maxgmarin/hprc-r2-rdt-testhub/raw/refs/heads/main/Data/rdt_anno_files/PBKT.HG01358.H2.RDTs.bb
HG01123_Hap1	https://github.com/maxgmarin/hprc-r2-rdt-testhub/raw/refs/heads/main/Data/rdt_anno_files/PBKT.HG01123.H1.RDTs.bb
HG01123_Hap2	https://github.com/maxgmarin/hprc-r2-rdt-testhub/raw/refs/heads/main/Data/rdt_anno_files/PBKT.HG01123.H2.RDTs.bb
HG01361_Hap1	https://github.com/maxgmarin/hprc-r2-rdt-testhub/raw/refs/heads/main/Data/rdt_anno_files/PBKT.HG01361.H1.RDTs.bb
HG01361_Hap2	https://github.com/maxgmarin/hprc-r2-rdt-testhub/raw/refs/heads/main/Data/rdt_anno_files/PBKT.HG01361.H2.RDTs.bb
HG01258_Hap1	https://github.com/maxgmarin/hprc-r2-rdt-testhub/raw/refs/heads/main/Data/rdt_anno_files/PBKT.HG01258.H1.RDTs.bb
HG01258_Hap2	https://github.com/maxgmarin/hprc-r2-rdt-testhub/raw/refs/heads/main/Data/rdt_anno_files/PBKT.HG01258.H2.RDTs.bb
HG03516_Hap1	https://github.com/maxgmarin/hprc-r2-rdt-testhub/raw/refs/heads/main/Data/rdt_anno_files/PBKT.HG03516.H1.RDTs.bb
HG03516_Hap2	https://github.com/maxgmarin/hprc-r2-rdt-testhub/raw/refs/heads/main/Data/rdt_anno_files/PBKT.HG03516.H2.RDTs.bb
HG02572_Hap1	https://github.com/maxgmarin/hprc-r2-rdt-testhub/raw/refs/heads/main/Data/rdt_anno_files/PBKT.HG02572.H1.RDTs.bb
HG02572_Hap2	https://github.com/maxgmarin/hprc-r2-rdt-testhub/raw/refs/heads/main/Data/rdt_anno_files/PBKT.HG02572.H2.RDTs.bb
HG02886_Hap1	https://github.com/maxgmarin/hprc-r2-rdt-testhub/raw/refs/heads/main/Data/rdt_anno_files/PBKT.HG02886.H1.RDTs.bb
HG02886_Hap2	https://github.com/maxgmarin/hprc-r2-rdt-testhub/raw/refs/heads/main/Data/rdt_anno_files/PBKT.HG02886.H2.RDTs.bb
HG02717_Hap1	https://github.com/maxgmarin/hprc-r2-rdt-testhub/raw/refs/heads/main/Data/rdt_anno_files/PBKT.HG02717.H1.RDTs.bb
HG02717_Hap2	https://github.com/maxgmarin/hprc-r2-rdt-testhub/raw/refs/heads/main/Data/rdt_anno_files/PBKT.HG02717.H2.RDTs.bb
HG02630_Hap1	https://github.com/maxgmarin/hprc-r2-rdt-testhub/raw/refs/heads/main/Data/rdt_anno_files/PBKT.HG02630.H1.RDTs.bb
HG02630_Hap2	https://github.com/maxgmarin/hprc-r2-rdt-testhub/raw/refs/heads/main/Data/rdt_anno_files/PBKT.HG02630.H2.RDTs.bb
HG02622_Hap1	https://github.com/maxgmarin/hprc-r2-rdt-testhub/raw/refs/heads/main/Data/rdt_anno_files/PBKT.HG02622.H1.RDTs.bb
HG02622_Hap2	https://github.com/maxgmarin/hprc-r2-rdt-testhub/raw/refs/heads/main/Data/rdt_anno_files/PBKT.HG02622.H2.RDTs.bb
HG03540_Hap1	https://github.com/maxgmarin/hprc-r2-rdt-testhub/raw/refs/heads/main/Data/rdt_anno_files/PBKT.HG03540.H1.RDTs.bb
HG03540_Hap2	https://github.com/maxgmarin/hprc-r2-rdt-testhub/raw/refs/heads/main/Data/rdt_anno_files/PBKT.HG03540.H2.RDTs.bb
HG03453_Hap1	https://github.com/maxgmarin/hprc-r2-rdt-testhub/raw/refs/heads/main/Data/rdt_anno_files/PBKT.HG03453.H1.RDTs.bb
HG03453_Hap2	https://github.com/maxgmarin/hprc-r2-rdt-testhub/raw/refs/heads/main/Data/rdt_anno_files/PBKT.HG03453.H2.RDTs.bb
HG03579_Hap1	https://github.com/maxgmarin/hprc-r2-rdt-testhub/raw/refs/heads/main/Data/rdt_anno_files/PBKT.HG03579.H1.RDTs.bb
HG03579_Hap2	https://github.com/maxgmarin/hprc-r2-rdt-testhub/raw/refs/heads/main/Data/rdt_anno_files/PBKT.HG03579.H2.RDTs.bb
HG03471_Hap1	https://github.com/maxgmarin/hprc-r2-rdt-testhub/raw/refs/heads/main/Data/rdt_anno_files/PBKT.HG03471.H1.RDTs.bb
HG03471_Hap2	https://github.com/maxgmarin/hprc-r2-rdt-testhub/raw/refs/heads/main/Data/rdt_anno_files/PBKT.HG03471.H2.RDTs.bb
HG01978_Hap1	https://github.com/maxgmarin/hprc-r2-rdt-testhub/raw/refs/heads/main/Data/rdt_anno_files/PBKT.HG01978.H1.RDTs.bb
HG01978_Hap2	https://github.com/maxgmarin/hprc-r2-rdt-testhub/raw/refs/heads/main/Data/rdt_anno_files/PBKT.HG01978.H2.RDTs.bb
HG01928_Hap1	https://github.com/maxgmarin/hprc-r2-rdt-testhub/raw/refs/heads/main/Data/rdt_anno_files/PBKT.HG01928.H1.RDTs.bb
HG01928_Hap2	https://github.com/maxgmarin/hprc-r2-rdt-testhub/raw/refs/heads/main/Data/rdt_anno_files/PBKT.HG01928.H2.RDTs.bb
HG02148_Hap1	https://github.com/maxgmarin/hprc-r2-rdt-testhub/raw/refs/heads/main/Data/rdt_anno_files/PBKT.HG02148.H1.RDTs.bb
HG02148_Hap2	https://github.com/maxgmarin/hprc-r2-rdt-testhub/raw/refs/heads/main/Data/rdt_anno_files/PBKT.HG02148.H2.RDTs.bb
HG01952_Hap1	https://github.com/maxgmarin/hprc-r2-rdt-testhub/raw/refs/heads/main/Data/rdt_anno_files/PBKT.HG01952.H1.RDTs.bb
HG01952_Hap2	https://github.com/maxgmarin/hprc-r2-rdt-testhub/raw/refs/heads/main/Data/rdt_anno_files/PBKT.HG01952.H2.RDTs.bb
HG01106_Hap1	https://github.com/maxgmarin/hprc-r2-rdt-testhub/raw/refs/heads/main/Data/rdt_anno_files/PBKT.HG01106.H1.RDTs.bb
HG01106_Hap2	https://github.com/maxgmarin/hprc-r2-rdt-testhub/raw/refs/heads/main/Data/rdt_anno_files/PBKT.HG01106.H2.RDTs.bb
HG01175_Hap1	https://github.com/maxgmarin/hprc-r2-rdt-testhub/raw/refs/heads/main/Data/rdt_anno_files/PBKT.HG01175.H1.RDTs.bb
HG01175_Hap2	https://github.com/maxgmarin/hprc-r2-rdt-testhub/raw/refs/heads/main/Data/rdt_anno_files/PBKT.HG01175.H2.RDTs.bb
HG00741_Hap1	https://github.com/maxgmarin/hprc-r2-rdt-testhub/raw/refs/heads/main/Data/rdt_anno_files/PBKT.HG00741.H1.RDTs.bb
HG00741_Hap2	https://github.com/maxgmarin/hprc-r2-rdt-testhub/raw/refs/heads/main/Data/rdt_anno_files/PBKT.HG00741.H2.RDTs.bb
HG00735_Hap1	https://github.com/maxgmarin/hprc-r2-rdt-testhub/raw/refs/heads/main/Data/rdt_anno_files/PBKT.HG00735.H1.RDTs.bb
HG00735_Hap2	https://github.com/maxgmarin/hprc-r2-rdt-testhub/raw/refs/heads/main/Data/rdt_anno_files/PBKT.HG00735.H2.RDTs.bb
HG01071_Hap1	https://github.com/maxgmarin/hprc-r2-rdt-testhub/raw/refs/heads/main/Data/rdt_anno_files/PBKT.HG01071.H1.RDTs.bb
HG01071_Hap2	https://github.com/maxgmarin/hprc-r2-rdt-testhub/raw/refs/heads/main/Data/rdt_anno_files/PBKT.HG01071.H2.RDTs.bb
HG00621_Hap1	https://github.com/maxgmarin/hprc-r2-rdt-testhub/raw/refs/heads/main/Data/rdt_anno_files/PBKT.HG00621.H1.RDTs.bb
HG00621_Hap2	https://github.com/maxgmarin/hprc-r2-rdt-testhub/raw/refs/heads/main/Data/rdt_anno_files/PBKT.HG00621.H2.RDTs.bb
HG00438_Hap1	https://github.com/maxgmarin/hprc-r2-rdt-testhub/raw/refs/heads/main/Data/rdt_anno_files/PBKT.HG00438.H1.RDTs.bb
HG00438_Hap2	https://github.com/maxgmarin/hprc-r2-rdt-testhub/raw/refs/heads/main/Data/rdt_anno_files/PBKT.HG00438.H2.RDTs.bb
HG00673_Hap1	https://github.com/maxgmarin/hprc-r2-rdt-testhub/raw/refs/heads/main/Data/rdt_anno_files/PBKT.HG00673.H1.RDTs.bb
HG00673_Hap2	https://github.com/maxgmarin/hprc-r2-rdt-testhub/raw/refs/heads/main/Data/rdt_anno_files/PBKT.HG00673.H2.RDTs.bb
HG00423_Hap1	https://github.com/maxgmarin/hprc-r2-rdt-testhub/raw/refs/heads/main/Data/rdt_anno_files/PBKT.HG00423.H1.RDTs.bb
HG00423_Hap2	https://github.com/maxgmarin/hprc-r2-rdt-testhub/raw/refs/heads/main/Data/rdt_anno_files/PBKT.HG00423.H2.RDTs.bb
HG02027_Hap1	https://github.com/maxgmarin/hprc-r2-rdt-testhub/raw/refs/heads/main/Data/rdt_anno_files/PBKT.HG02027.H1.RDTs.bb
HG02027_Hap2	https://github.com/maxgmarin/hprc-r2-rdt-testhub/raw/refs/heads/main/Data/rdt_anno_files/PBKT.HG02027.H2.RDTs.bb
HG02083_Hap1	https://github.com/maxgmarin/hprc-r2-rdt-testhub/raw/refs/heads/main/Data/rdt_anno_files/PBKT.HG02083.H1.RDTs.bb
HG02083_Hap2	https://github.com/maxgmarin/hprc-r2-rdt-testhub/raw/refs/heads/main/Data/rdt_anno_files/PBKT.HG02083.H2.RDTs.bb
HG02523_Hap1	https://github.com/maxgmarin/hprc-r2-rdt-testhub/raw/refs/heads/main/Data/rdt_anno_files/PBKT.HG02523.H1.RDTs.bb
HG02523_Hap2	https://github.com/maxgmarin/hprc-r2-rdt-testhub/raw/refs/heads/main/Data/rdt_anno_files/PBKT.HG02523.H2.RDTs.bb
HG02132_Hap1	https://github.com/maxgmarin/hprc-r2-rdt-testhub/raw/refs/heads/main/Data/rdt_anno_files/PBKT.HG02132.H1.RDTs.bb
HG02132_Hap2	https://github.com/maxgmarin/hprc-r2-rdt-testhub/raw/refs/heads/main/Data/rdt_anno_files/PBKT.HG02132.H2.RDTs.bb
HG02135_Hap1	https://github.com/maxgmarin/hprc-r2-rdt-testhub/raw/refs/heads/main/Data/rdt_anno_files/PBKT.HG02135.H1.RDTs.bb
HG02135_Hap2	https://github.com/maxgmarin/hprc-r2-rdt-testhub/raw/refs/heads/main/Data/rdt_anno_files/PBKT.HG02135.H2.RDTs.bb
HG02074_Hap1	https://github.com/maxgmarin/hprc-r2-rdt-testhub/raw/refs/heads/main/Data/rdt_anno_files/PBKT.HG02074.H1.RDTs.bb
HG02074_Hap2	https://github.com/maxgmarin/hprc-r2-rdt-testhub/raw/refs/heads/main/Data/rdt_anno_files/PBKT.HG02074.H2.RDTs.bb
HG02071_Hap1	https://github.com/maxgmarin/hprc-r2-rdt-testhub/raw/refs/heads/main/Data/rdt_anno_files/PBKT.HG02071.H1.RDTs.bb
HG02071_Hap2	https://github.com/maxgmarin/hprc-r2-rdt-testhub/raw/refs/heads/main/Data/rdt_anno_files/PBKT.HG02071.H2.RDTs.bb
HG03942_Hap1	https://github.com/maxgmarin/hprc-r2-rdt-testhub/raw/refs/heads/main/Data/rdt_anno_files/PBKT.HG03942.H1.RDTs.bb
HG03942_Hap2	https://github.com/maxgmarin/hprc-r2-rdt-testhub/raw/refs/heads/main/Data/rdt_anno_files/PBKT.HG03942.H2.RDTs.bb
HG04187_Hap1	https://github.com/maxgmarin/hprc-r2-rdt-testhub/raw/refs/heads/main/Data/rdt_anno_files/PBKT.HG04187.H1.RDTs.bb
HG04187_Hap2	https://github.com/maxgmarin/hprc-r2-rdt-testhub/raw/refs/heads/main/Data/rdt_anno_files/PBKT.HG04187.H2.RDTs.bb
HG03804_Hap1	https://github.com/maxgmarin/hprc-r2-rdt-testhub/raw/refs/heads/main/Data/rdt_anno_files/PBKT.HG03804.H1.RDTs.bb
HG03804_Hap2	https://github.com/maxgmarin/hprc-r2-rdt-testhub/raw/refs/heads/main/Data/rdt_anno_files/PBKT.HG03804.H2.RDTs.bb
HG04160_Hap1	https://github.com/maxgmarin/hprc-r2-rdt-testhub/raw/refs/heads/main/Data/rdt_anno_files/PBKT.HG04160.H1.RDTs.bb
HG04160_Hap2	https://github.com/maxgmarin/hprc-r2-rdt-testhub/raw/refs/heads/main/Data/rdt_anno_files/PBKT.HG04160.H2.RDTs.bb
HG04157_Hap1	https://github.com/maxgmarin/hprc-r2-rdt-testhub/raw/refs/heads/main/Data/rdt_anno_files/PBKT.HG04157.H1.RDTs.bb
HG04157_Hap2	https://github.com/maxgmarin/hprc-r2-rdt-testhub/raw/refs/heads/main/Data/rdt_anno_files/PBKT.HG04157.H2.RDTs.bb
HG03816_Hap1	https://github.com/maxgmarin/hprc-r2-rdt-testhub/raw/refs/heads/main/Data/rdt_anno_files/PBKT.HG03816.H1.RDTs.bb
HG03816_Hap2	https://github.com/maxgmarin/hprc-r2-rdt-testhub/raw/refs/heads/main/Data/rdt_anno_files/PBKT.HG03816.H2.RDTs.bb
HG03710_Hap1	https://github.com/maxgmarin/hprc-r2-rdt-testhub/raw/refs/heads/main/Data/rdt_anno_files/PBKT.HG03710.H1.RDTs.bb
HG03710_Hap2	https://github.com/maxgmarin/hprc-r2-rdt-testhub/raw/refs/heads/main/Data/rdt_anno_files/PBKT.HG03710.H2.RDTs.bb
HG02602_Hap1	https://github.com/maxgmarin/hprc-r2-rdt-testhub/raw/refs/heads/main/Data/rdt_anno_files/PBKT.HG02602.H1.RDTs.bb
HG02602_Hap2	https://github.com/maxgmarin/hprc-r2-rdt-testhub/raw/refs/heads/main/Data/rdt_anno_files/PBKT.HG02602.H2.RDTs.bb
HG03654_Hap1	https://github.com/maxgmarin/hprc-r2-rdt-testhub/raw/refs/heads/main/Data/rdt_anno_files/PBKT.HG03654.H1.RDTs.bb
HG03654_Hap2	https://github.com/maxgmarin/hprc-r2-rdt-testhub/raw/refs/heads/main/Data/rdt_anno_files/PBKT.HG03654.H2.RDTs.bb
HG02698_Hap1	https://github.com/maxgmarin/hprc-r2-rdt-testhub/raw/refs/heads/main/Data/rdt_anno_files/PBKT.HG02698.H1.RDTs.bb
HG02698_Hap2	https://github.com/maxgmarin/hprc-r2-rdt-testhub/raw/refs/heads/main/Data/rdt_anno_files/PBKT.HG02698.H2.RDTs.bb
HG04228_Hap1	https://github.com/maxgmarin/hprc-r2-rdt-testhub/raw/refs/heads/main/Data/rdt_anno_files/PBKT.HG04228.H1.RDTs.bb
HG04228_Hap2	https://github.com/maxgmarin/hprc-r2-rdt-testhub/raw/refs/heads/main/Data/rdt_anno_files/PBKT.HG04228.H2.RDTs.bb
HG03688_Hap1	https://github.com/maxgmarin/hprc-r2-rdt-testhub/raw/refs/heads/main/Data/rdt_anno_files/PBKT.HG03688.H1.RDTs.bb
HG03688_Hap2	https://github.com/maxgmarin/hprc-r2-rdt-testhub/raw/refs/heads/main/Data/rdt_anno_files/PBKT.HG03688.H2.RDTs.bb
HG04204_Hap1	https://github.com/maxgmarin/hprc-r2-rdt-testhub/raw/refs/heads/main/Data/rdt_anno_files/PBKT.HG04204.H1.RDTs.bb
HG04204_Hap2	https://github.com/maxgmarin/hprc-r2-rdt-testhub/raw/refs/heads/main/Data/rdt_anno_files/PBKT.HG04204.H2.RDTs.bb
HG04199_Hap1	https://github.com/maxgmarin/hprc-r2-rdt-testhub/raw/refs/heads/main/Data/rdt_anno_files/PBKT.HG04199.H1.RDTs.bb
HG04199_Hap2	https://github.com/maxgmarin/hprc-r2-rdt-testhub/raw/refs/heads/main/Data/rdt_anno_files/PBKT.HG04199.H2.RDTs.bb
HG04115_Hap1	https://github.com/maxgmarin/hprc-r2-rdt-testhub/raw/refs/heads/main/Data/rdt_anno_files/PBKT.HG04115.H1.RDTs.bb
HG04115_Hap2	https://github.com/maxgmarin/hprc-r2-rdt-testhub/raw/refs/heads/main/Data/rdt_anno_files/PBKT.HG04115.H2.RDTs.bb
HG02668_Hap1	https://github.com/maxgmarin/hprc-r2-rdt-testhub/raw/refs/heads/main/Data/rdt_anno_files/PBKT.HG02668.H1.RDTs.bb
HG02668_Hap2	https://github.com/maxgmarin/hprc-r2-rdt-testhub/raw/refs/heads/main/Data/rdt_anno_files/PBKT.HG02668.H2.RDTs.bb
HG00706_Hap1	https://github.com/maxgmarin/hprc-r2-rdt-testhub/raw/refs/heads/main/Data/rdt_anno_files/PBKT.HG00706.H1.RDTs.bb
HG00706_Hap2	https://github.com/maxgmarin/hprc-r2-rdt-testhub/raw/refs/heads/main/Data/rdt_anno_files/PBKT.HG00706.H2.RDTs.bb
HG00544_Hap1	https://github.com/maxgmarin/hprc-r2-rdt-testhub/raw/refs/heads/main/Data/rdt_anno_files/PBKT.HG00544.H1.RDTs.bb
HG00544_Hap2	https://github.com/maxgmarin/hprc-r2-rdt-testhub/raw/refs/heads/main/Data/rdt_anno_files/PBKT.HG00544.H2.RDTs.bb
HG03669_Hap1	https://github.com/maxgmarin/hprc-r2-rdt-testhub/raw/refs/heads/main/Data/rdt_anno_files/PBKT.HG03669.H1.RDTs.bb
HG03669_Hap2	https://github.com/maxgmarin/hprc-r2-rdt-testhub/raw/refs/heads/main/Data/rdt_anno_files/PBKT.HG03669.H2.RDTs.bb
HG01255_Hap1	https://github.com/maxgmarin/hprc-r2-rdt-testhub/raw/refs/heads/main/Data/rdt_anno_files/PBKT.HG01255.H1.RDTs.bb
HG01255_Hap2	https://github.com/maxgmarin/hprc-r2-rdt-testhub/raw/refs/heads/main/Data/rdt_anno_files/PBKT.HG01255.H2.RDTs.bb
HG02615_Hap1	https://github.com/maxgmarin/hprc-r2-rdt-testhub/raw/refs/heads/main/Data/rdt_anno_files/PBKT.HG02615.H1.RDTs.bb
HG02615_Hap2	https://github.com/maxgmarin/hprc-r2-rdt-testhub/raw/refs/heads/main/Data/rdt_anno_files/PBKT.HG02615.H2.RDTs.bb
HG00738_Hap1	https://github.com/maxgmarin/hprc-r2-rdt-testhub/raw/refs/heads/main/Data/rdt_anno_files/PBKT.HG00738.H1.RDTs.bb
HG00738_Hap2	https://github.com/maxgmarin/hprc-r2-rdt-testhub/raw/refs/heads/main/Data/rdt_anno_files/PBKT.HG00738.H2.RDTs.bb
HG03927_Hap1	https://github.com/maxgmarin/hprc-r2-rdt-testhub/raw/refs/heads/main/Data/rdt_anno_files/PBKT.HG03927.H1.RDTs.bb
HG03927_Hap2	https://github.com/maxgmarin/hprc-r2-rdt-testhub/raw/refs/heads/main/Data/rdt_anno_files/PBKT.HG03927.H2.RDTs.bb
HG00642_Hap1	https://github.com/maxgmarin/hprc-r2-rdt-testhub/raw/refs/heads/main/Data/rdt_anno_files/PBKT.HG00642.H1.RDTs.bb
HG00642_Hap2	https://github.com/maxgmarin/hprc-r2-rdt-testhub/raw/refs/heads/main/Data/rdt_anno_files/PBKT.HG00642.H2.RDTs.bb
HG01346_Hap1	https://github.com/maxgmarin/hprc-r2-rdt-testhub/raw/refs/heads/main/Data/rdt_anno_files/PBKT.HG01346.H1.RDTs.bb
HG01346_Hap2	https://github.com/maxgmarin/hprc-r2-rdt-testhub/raw/refs/heads/main/Data/rdt_anno_files/PBKT.HG01346.H2.RDTs.bb
HG02647_Hap1	https://github.com/maxgmarin/hprc-r2-rdt-testhub/raw/refs/heads/main/Data/rdt_anno_files/PBKT.HG02647.H1.RDTs.bb
HG02647_Hap2	https://github.com/maxgmarin/hprc-r2-rdt-testhub/raw/refs/heads/main/Data/rdt_anno_files/PBKT.HG02647.H2.RDTs.bb
HG03831_Hap1	https://github.com/maxgmarin/hprc-r2-rdt-testhub/raw/refs/heads/main/Data/rdt_anno_files/PBKT.HG03831.H1.RDTs.bb
HG03831_Hap2	https://github.com/maxgmarin/hprc-r2-rdt-testhub/raw/refs/heads/main/Data/rdt_anno_files/PBKT.HG03831.H2.RDTs.bb
HG01993_Hap1	https://github.com/maxgmarin/hprc-r2-rdt-testhub/raw/refs/heads/main/Data/rdt_anno_files/PBKT.HG01993.H1.RDTs.bb
HG01993_Hap2	https://github.com/maxgmarin/hprc-r2-rdt-testhub/raw/refs/heads/main/Data/rdt_anno_files/PBKT.HG01993.H2.RDTs.bb
HG01433_Hap1	https://github.com/maxgmarin/hprc-r2-rdt-testhub/raw/refs/heads/main/Data/rdt_anno_files/PBKT.HG01433.H1.RDTs.bb
HG01433_Hap2	https://github.com/maxgmarin/hprc-r2-rdt-testhub/raw/refs/heads/main/Data/rdt_anno_files/PBKT.HG01433.H2.RDTs.bb
HG04184_Hap1	https://github.com/maxgmarin/hprc-r2-rdt-testhub/raw/refs/heads/main/Data/rdt_anno_files/PBKT.HG04184.H1.RDTs.bb
HG04184_Hap2	https://github.com/maxgmarin/hprc-r2-rdt-testhub/raw/refs/heads/main/Data/rdt_anno_files/PBKT.HG04184.H2.RDTs.bb
HG02300_Hap1	https://github.com/maxgmarin/hprc-r2-rdt-testhub/raw/refs/heads/main/Data/rdt_anno_files/PBKT.HG02300.H1.RDTs.bb
HG02300_Hap2	https://github.com/maxgmarin/hprc-r2-rdt-testhub/raw/refs/heads/main/Data/rdt_anno_files/PBKT.HG02300.H2.RDTs.bb
HG02738_Hap1	https://github.com/maxgmarin/hprc-r2-rdt-testhub/raw/refs/heads/main/Data/rdt_anno_files/PBKT.HG02738.H1.RDTs.bb
HG02738_Hap2	https://github.com/maxgmarin/hprc-r2-rdt-testhub/raw/refs/heads/main/Data/rdt_anno_files/PBKT.HG02738.H2.RDTs.bb
HG01884_Hap1	https://github.com/maxgmarin/hprc-r2-rdt-testhub/raw/refs/heads/main/Data/rdt_anno_files/PBKT.HG01884.H1.RDTs.bb
HG01884_Hap2	https://github.com/maxgmarin/hprc-r2-rdt-testhub/raw/refs/heads/main/Data/rdt_anno_files/PBKT.HG01884.H2.RDTs.bb
HG01496_Hap1	https://github.com/maxgmarin/hprc-r2-rdt-testhub/raw/refs/heads/main/Data/rdt_anno_files/PBKT.HG01496.H1.RDTs.bb
HG01496_Hap2	https://github.com/maxgmarin/hprc-r2-rdt-testhub/raw/refs/heads/main/Data/rdt_anno_files/PBKT.HG01496.H2.RDTs.bb
HG00609_Hap1	https://github.com/maxgmarin/hprc-r2-rdt-testhub/raw/refs/heads/main/Data/rdt_anno_files/PBKT.HG00609.H1.RDTs.bb
HG00609_Hap2	https://github.com/maxgmarin/hprc-r2-rdt-testhub/raw/refs/heads/main/Data/rdt_anno_files/PBKT.HG00609.H2.RDTs.bb
HG01981_Hap1	https://github.com/maxgmarin/hprc-r2-rdt-testhub/raw/refs/heads/main/Data/rdt_anno_files/PBKT.HG01981.H1.RDTs.bb
HG01981_Hap2	https://github.com/maxgmarin/hprc-r2-rdt-testhub/raw/refs/heads/main/Data/rdt_anno_files/PBKT.HG01981.H2.RDTs.bb
HG02004_Hap1	https://github.com/maxgmarin/hprc-r2-rdt-testhub/raw/refs/heads/main/Data/rdt_anno_files/PBKT.HG02004.H1.RDTs.bb
HG02004_Hap2	https://github.com/maxgmarin/hprc-r2-rdt-testhub/raw/refs/heads/main/Data/rdt_anno_files/PBKT.HG02004.H2.RDTs.bb
HG02280_Hap1	https://github.com/maxgmarin/hprc-r2-rdt-testhub/raw/refs/heads/main/Data/rdt_anno_files/PBKT.HG02280.H1.RDTs.bb
HG02280_Hap2	https://github.com/maxgmarin/hprc-r2-rdt-testhub/raw/refs/heads/main/Data/rdt_anno_files/PBKT.HG02280.H2.RDTs.bb
HG01099_Hap1	https://github.com/maxgmarin/hprc-r2-rdt-testhub/raw/refs/heads/main/Data/rdt_anno_files/PBKT.HG01099.H1.RDTs.bb
HG01099_Hap2	https://github.com/maxgmarin/hprc-r2-rdt-testhub/raw/refs/heads/main/Data/rdt_anno_files/PBKT.HG01099.H2.RDTs.bb
HG02809_Hap1	https://github.com/maxgmarin/hprc-r2-rdt-testhub/raw/refs/heads/main/Data/rdt_anno_files/PBKT.HG02809.H1.RDTs.bb
HG02809_Hap2	https://github.com/maxgmarin/hprc-r2-rdt-testhub/raw/refs/heads/main/Data/rdt_anno_files/PBKT.HG02809.H2.RDTs.bb
HG01943_Hap1	https://github.com/maxgmarin/hprc-r2-rdt-testhub/raw/refs/heads/main/Data/rdt_anno_files/PBKT.HG01943.H1.RDTs.bb
HG01943_Hap2	https://github.com/maxgmarin/hprc-r2-rdt-testhub/raw/refs/heads/main/Data/rdt_anno_files/PBKT.HG01943.H2.RDTs.bb
HG02293_Hap1	https://github.com/maxgmarin/hprc-r2-rdt-testhub/raw/refs/heads/main/Data/rdt_anno_files/PBKT.HG02293.H1.RDTs.bb
HG02293_Hap2	https://github.com/maxgmarin/hprc-r2-rdt-testhub/raw/refs/heads/main/Data/rdt_anno_files/PBKT.HG02293.H2.RDTs.bb
HG03704_Hap1	https://github.com/maxgmarin/hprc-r2-rdt-testhub/raw/refs/heads/main/Data/rdt_anno_files/PBKT.HG03704.H1.RDTs.bb
HG03704_Hap2	https://github.com/maxgmarin/hprc-r2-rdt-testhub/raw/refs/heads/main/Data/rdt_anno_files/PBKT.HG03704.H2.RDTs.bb
HG02735_Hap1	https://github.com/maxgmarin/hprc-r2-rdt-testhub/raw/refs/heads/main/Data/rdt_anno_files/PBKT.HG02735.H1.RDTs.bb
HG02735_Hap2	https://github.com/maxgmarin/hprc-r2-rdt-testhub/raw/refs/heads/main/Data/rdt_anno_files/PBKT.HG02735.H2.RDTs.bb
HG02451_Hap1	https://github.com/maxgmarin/hprc-r2-rdt-testhub/raw/refs/heads/main/Data/rdt_anno_files/PBKT.HG02451.H1.RDTs.bb
HG02451_Hap2	https://github.com/maxgmarin/hprc-r2-rdt-testhub/raw/refs/heads/main/Data/rdt_anno_files/PBKT.HG02451.H2.RDTs.bb
HG01934_Hap1	https://github.com/maxgmarin/hprc-r2-rdt-testhub/raw/refs/heads/main/Data/rdt_anno_files/PBKT.HG01934.H1.RDTs.bb
HG01934_Hap2	https://github.com/maxgmarin/hprc-r2-rdt-testhub/raw/refs/heads/main/Data/rdt_anno_files/PBKT.HG01934.H2.RDTs.bb
HG00597_Hap1	https://github.com/maxgmarin/hprc-r2-rdt-testhub/raw/refs/heads/main/Data/rdt_anno_files/PBKT.HG00597.H1.RDTs.bb
HG00597_Hap2	https://github.com/maxgmarin/hprc-r2-rdt-testhub/raw/refs/heads/main/Data/rdt_anno_files/PBKT.HG00597.H2.RDTs.bb
HG02015_Hap1	https://github.com/maxgmarin/hprc-r2-rdt-testhub/raw/refs/heads/main/Data/rdt_anno_files/PBKT.HG02015.H1.RDTs.bb
HG02015_Hap2	https://github.com/maxgmarin/hprc-r2-rdt-testhub/raw/refs/heads/main/Data/rdt_anno_files/PBKT.HG02015.H2.RDTs.bb
HG01261_Hap1	https://github.com/maxgmarin/hprc-r2-rdt-testhub/raw/refs/heads/main/Data/rdt_anno_files/PBKT.HG01261.H1.RDTs.bb
HG01261_Hap2	https://github.com/maxgmarin/hprc-r2-rdt-testhub/raw/refs/heads/main/Data/rdt_anno_files/PBKT.HG01261.H2.RDTs.bb
HG01975_Hap1	https://github.com/maxgmarin/hprc-r2-rdt-testhub/raw/refs/heads/main/Data/rdt_anno_files/PBKT.HG01975.H1.RDTs.bb
HG01975_Hap2	https://github.com/maxgmarin/hprc-r2-rdt-testhub/raw/refs/heads/main/Data/rdt_anno_files/PBKT.HG01975.H2.RDTs.bb
HG00408_Hap1	https://github.com/maxgmarin/hprc-r2-rdt-testhub/raw/refs/heads/main/Data/rdt_anno_files/PBKT.HG00408.H1.RDTs.bb
HG00408_Hap2	https://github.com/maxgmarin/hprc-r2-rdt-testhub/raw/refs/heads/main/Data/rdt_anno_files/PBKT.HG00408.H2.RDTs.bb
HG02056_Hap1	https://github.com/maxgmarin/hprc-r2-rdt-testhub/raw/refs/heads/main/Data/rdt_anno_files/PBKT.HG02056.H1.RDTs.bb
HG02056_Hap2	https://github.com/maxgmarin/hprc-r2-rdt-testhub/raw/refs/heads/main/Data/rdt_anno_files/PBKT.HG02056.H2.RDTs.bb
HG01192_Hap1	https://github.com/maxgmarin/hprc-r2-rdt-testhub/raw/refs/heads/main/Data/rdt_anno_files/PBKT.HG01192.H1.RDTs.bb
HG01192_Hap2	https://github.com/maxgmarin/hprc-r2-rdt-testhub/raw/refs/heads/main/Data/rdt_anno_files/PBKT.HG01192.H2.RDTs.bb
HG03834_Hap1	https://github.com/maxgmarin/hprc-r2-rdt-testhub/raw/refs/heads/main/Data/rdt_anno_files/PBKT.HG03834.H1.RDTs.bb
HG03834_Hap2	https://github.com/maxgmarin/hprc-r2-rdt-testhub/raw/refs/heads/main/Data/rdt_anno_files/PBKT.HG03834.H2.RDTs.bb
HG02258_Hap1	https://github.com/maxgmarin/hprc-r2-rdt-testhub/raw/refs/heads/main/Data/rdt_anno_files/PBKT.HG02258.H1.RDTs.bb
HG02258_Hap2	https://github.com/maxgmarin/hprc-r2-rdt-testhub/raw/refs/heads/main/Data/rdt_anno_files/PBKT.HG02258.H2.RDTs.bb
HG02129_Hap1	https://github.com/maxgmarin/hprc-r2-rdt-testhub/raw/refs/heads/main/Data/rdt_anno_files/PBKT.HG02129.H1.RDTs.bb
HG02129_Hap2	https://github.com/maxgmarin/hprc-r2-rdt-testhub/raw/refs/heads/main/Data/rdt_anno_files/PBKT.HG02129.H2.RDTs.bb
HG01074_Hap1	https://github.com/maxgmarin/hprc-r2-rdt-testhub/raw/refs/heads/main/Data/rdt_anno_files/PBKT.HG01074.H1.RDTs.bb
HG01074_Hap2	https://github.com/maxgmarin/hprc-r2-rdt-testhub/raw/refs/heads/main/Data/rdt_anno_files/PBKT.HG01074.H2.RDTs.bb
HG03041_Hap1	https://github.com/maxgmarin/hprc-r2-rdt-testhub/raw/refs/heads/main/Data/rdt_anno_files/PBKT.HG03041.H1.RDTs.bb
HG03041_Hap2	https://github.com/maxgmarin/hprc-r2-rdt-testhub/raw/refs/heads/main/Data/rdt_anno_files/PBKT.HG03041.H2.RDTs.bb
HG00639_Hap1	https://github.com/maxgmarin/hprc-r2-rdt-testhub/raw/refs/heads/main/Data/rdt_anno_files/PBKT.HG00639.H1.RDTs.bb
HG00639_Hap2	https://github.com/maxgmarin/hprc-r2-rdt-testhub/raw/refs/heads/main/Data/rdt_anno_files/PBKT.HG00639.H2.RDTs.bb
HG01081_Hap1	https://github.com/maxgmarin/hprc-r2-rdt-testhub/raw/refs/heads/main/Data/rdt_anno_files/PBKT.HG01081.H1.RDTs.bb
HG01081_Hap2	https://github.com/maxgmarin/hprc-r2-rdt-testhub/raw/refs/heads/main/Data/rdt_anno_files/PBKT.HG01081.H2.RDTs.bb
HG03239_Hap1	https://github.com/maxgmarin/hprc-r2-rdt-testhub/raw/refs/heads/main/Data/rdt_anno_files/PBKT.HG03239.H1.RDTs.bb
HG03239_Hap2	https://github.com/maxgmarin/hprc-r2-rdt-testhub/raw/refs/heads/main/Data/rdt_anno_files/PBKT.HG03239.H2.RDTs.bb
HG03017_Hap1	https://github.com/maxgmarin/hprc-r2-rdt-testhub/raw/refs/heads/main/Data/rdt_anno_files/PBKT.HG03017.H1.RDTs.bb
HG03017_Hap2	https://github.com/maxgmarin/hprc-r2-rdt-testhub/raw/refs/heads/main/Data/rdt_anno_files/PBKT.HG03017.H2.RDTs.bb
HG01960_Hap1	https://github.com/maxgmarin/hprc-r2-rdt-testhub/raw/refs/heads/main/Data/rdt_anno_files/PBKT.HG01960.H1.RDTs.bb
HG01960_Hap2	https://github.com/maxgmarin/hprc-r2-rdt-testhub/raw/refs/heads/main/Data/rdt_anno_files/PBKT.HG01960.H2.RDTs.bb
HG02841_Hap1	https://github.com/maxgmarin/hprc-r2-rdt-testhub/raw/refs/heads/main/Data/rdt_anno_files/PBKT.HG02841.H1.RDTs.bb
HG02841_Hap2	https://github.com/maxgmarin/hprc-r2-rdt-testhub/raw/refs/heads/main/Data/rdt_anno_files/PBKT.HG02841.H2.RDTs.bb
HG02984_Hap1	https://github.com/maxgmarin/hprc-r2-rdt-testhub/raw/refs/heads/main/Data/rdt_anno_files/PBKT.HG02984.H1.RDTs.bb
HG02984_Hap2	https://github.com/maxgmarin/hprc-r2-rdt-testhub/raw/refs/heads/main/Data/rdt_anno_files/PBKT.HG02984.H2.RDTs.bb
HG03050_Hap1	https://github.com/maxgmarin/hprc-r2-rdt-testhub/raw/refs/heads/main/Data/rdt_anno_files/PBKT.HG03050.H1.RDTs.bb
HG03050_Hap2	https://github.com/maxgmarin/hprc-r2-rdt-testhub/raw/refs/heads/main/Data/rdt_anno_files/PBKT.HG03050.H2.RDTs.bb
HG01940_Hap1	https://github.com/maxgmarin/hprc-r2-rdt-testhub/raw/refs/heads/main/Data/rdt_anno_files/PBKT.HG01940.H1.RDTs.bb
HG01940_Hap2	https://github.com/maxgmarin/hprc-r2-rdt-testhub/raw/refs/heads/main/Data/rdt_anno_files/PBKT.HG01940.H2.RDTs.bb
HG02514_Hap1	https://github.com/maxgmarin/hprc-r2-rdt-testhub/raw/refs/heads/main/Data/rdt_anno_files/PBKT.HG02514.H1.RDTs.bb
HG02514_Hap2	https://github.com/maxgmarin/hprc-r2-rdt-testhub/raw/refs/heads/main/Data/rdt_anno_files/PBKT.HG02514.H2.RDTs.bb
HG00658_Hap1	https://github.com/maxgmarin/hprc-r2-rdt-testhub/raw/refs/heads/main/Data/rdt_anno_files/PBKT.HG00658.H1.RDTs.bb
HG00658_Hap2	https://github.com/maxgmarin/hprc-r2-rdt-testhub/raw/refs/heads/main/Data/rdt_anno_files/PBKT.HG00658.H2.RDTs.bb
HG01150_Hap1	https://github.com/maxgmarin/hprc-r2-rdt-testhub/raw/refs/heads/main/Data/rdt_anno_files/PBKT.HG01150.H1.RDTs.bb
HG01150_Hap2	https://github.com/maxgmarin/hprc-r2-rdt-testhub/raw/refs/heads/main/Data/rdt_anno_files/PBKT.HG01150.H2.RDTs.bb
HG01969_Hap1	https://github.com/maxgmarin/hprc-r2-rdt-testhub/raw/refs/heads/main/Data/rdt_anno_files/PBKT.HG01969.H1.RDTs.bb
HG01969_Hap2	https://github.com/maxgmarin/hprc-r2-rdt-testhub/raw/refs/heads/main/Data/rdt_anno_files/PBKT.HG01969.H2.RDTs.bb
HG01252_Hap1	https://github.com/maxgmarin/hprc-r2-rdt-testhub/raw/refs/heads/main/Data/rdt_anno_files/PBKT.HG01252.H1.RDTs.bb
HG01252_Hap2	https://github.com/maxgmarin/hprc-r2-rdt-testhub/raw/refs/heads/main/Data/rdt_anno_files/PBKT.HG01252.H2.RDTs.bb
HG00558_Hap1	https://github.com/maxgmarin/hprc-r2-rdt-testhub/raw/refs/heads/main/Data/rdt_anno_files/PBKT.HG00558.H1.RDTs.bb
HG00558_Hap2	https://github.com/maxgmarin/hprc-r2-rdt-testhub/raw/refs/heads/main/Data/rdt_anno_files/PBKT.HG00558.H2.RDTs.bb
HG02273_Hap1	https://github.com/maxgmarin/hprc-r2-rdt-testhub/raw/refs/heads/main/Data/rdt_anno_files/PBKT.HG02273.H1.RDTs.bb
HG02273_Hap2	https://github.com/maxgmarin/hprc-r2-rdt-testhub/raw/refs/heads/main/Data/rdt_anno_files/PBKT.HG02273.H2.RDTs.bb
HG03225_Hap1	https://github.com/maxgmarin/hprc-r2-rdt-testhub/raw/refs/heads/main/Data/rdt_anno_files/PBKT.HG03225.H1.RDTs.bb
HG03225_Hap2	https://github.com/maxgmarin/hprc-r2-rdt-testhub/raw/refs/heads/main/Data/rdt_anno_files/PBKT.HG03225.H2.RDTs.bb
HG02965_Hap1	https://github.com/maxgmarin/hprc-r2-rdt-testhub/raw/refs/heads/main/Data/rdt_anno_files/PBKT.HG02965.H1.RDTs.bb
HG02965_Hap2	https://github.com/maxgmarin/hprc-r2-rdt-testhub/raw/refs/heads/main/Data/rdt_anno_files/PBKT.HG02965.H2.RDTs.bb
HG02976_Hap1	https://github.com/maxgmarin/hprc-r2-rdt-testhub/raw/refs/heads/main/Data/rdt_anno_files/PBKT.HG02976.H1.RDTs.bb
HG02976_Hap2	https://github.com/maxgmarin/hprc-r2-rdt-testhub/raw/refs/heads/main/Data/rdt_anno_files/PBKT.HG02976.H2.RDTs.bb
HG03195_Hap1	https://github.com/maxgmarin/hprc-r2-rdt-testhub/raw/refs/heads/main/Data/rdt_anno_files/PBKT.HG03195.H1.RDTs.bb
HG03195_Hap2	https://github.com/maxgmarin/hprc-r2-rdt-testhub/raw/refs/heads/main/Data/rdt_anno_files/PBKT.HG03195.H2.RDTs.bb
HG03139_Hap1	https://github.com/maxgmarin/hprc-r2-rdt-testhub/raw/refs/heads/main/Data/rdt_anno_files/PBKT.HG03139.H1.RDTs.bb
HG03139_Hap2	https://github.com/maxgmarin/hprc-r2-rdt-testhub/raw/refs/heads/main/Data/rdt_anno_files/PBKT.HG03139.H2.RDTs.bb
HG03130_Hap1	https://github.com/maxgmarin/hprc-r2-rdt-testhub/raw/refs/heads/main/Data/rdt_anno_files/PBKT.HG03130.H1.RDTs.bb
HG03130_Hap2	https://github.com/maxgmarin/hprc-r2-rdt-testhub/raw/refs/heads/main/Data/rdt_anno_files/PBKT.HG03130.H2.RDTs.bb
HG03209_Hap1	https://github.com/maxgmarin/hprc-r2-rdt-testhub/raw/refs/heads/main/Data/rdt_anno_files/PBKT.HG03209.H1.RDTs.bb
HG03209_Hap2	https://github.com/maxgmarin/hprc-r2-rdt-testhub/raw/refs/heads/main/Data/rdt_anno_files/PBKT.HG03209.H2.RDTs.bb
NA18522_Hap1	https://github.com/maxgmarin/hprc-r2-rdt-testhub/raw/refs/heads/main/Data/rdt_anno_files/PBKT.NA18522.H1.RDTs.bb
NA18522_Hap2	https://github.com/maxgmarin/hprc-r2-rdt-testhub/raw/refs/heads/main/Data/rdt_anno_files/PBKT.NA18522.H2.RDTs.bb
NA19338_Hap1	https://github.com/maxgmarin/hprc-r2-rdt-testhub/raw/refs/heads/main/Data/rdt_anno_files/PBKT.NA19338.H1.RDTs.bb
NA19338_Hap2	https://github.com/maxgmarin/hprc-r2-rdt-testhub/raw/refs/heads/main/Data/rdt_anno_files/PBKT.NA19338.H2.RDTs.bb
NA19391_Hap1	https://github.com/maxgmarin/hprc-r2-rdt-testhub/raw/refs/heads/main/Data/rdt_anno_files/PBKT.NA19391.H1.RDTs.bb
NA19391_Hap2	https://github.com/maxgmarin/hprc-r2-rdt-testhub/raw/refs/heads/main/Data/rdt_anno_files/PBKT.NA19391.H2.RDTs.bb
NA19468_Hap1	https://github.com/maxgmarin/hprc-r2-rdt-testhub/raw/refs/heads/main/Data/rdt_anno_files/PBKT.NA19468.H1.RDTs.bb
NA19468_Hap2	https://github.com/maxgmarin/hprc-r2-rdt-testhub/raw/refs/heads/main/Data/rdt_anno_files/PBKT.NA19468.H2.RDTs.bb
HG03470_Hap1	https://github.com/maxgmarin/hprc-r2-rdt-testhub/raw/refs/heads/main/Data/rdt_anno_files/PBKT.HG03470.H1.RDTs.bb
HG03470_Hap2	https://github.com/maxgmarin/hprc-r2-rdt-testhub/raw/refs/heads/main/Data/rdt_anno_files/PBKT.HG03470.H2.RDTs.bb
NA18971_Hap1	https://github.com/maxgmarin/hprc-r2-rdt-testhub/raw/refs/heads/main/Data/rdt_anno_files/PBKT.NA18971.H1.RDTs.bb
NA18971_Hap2	https://github.com/maxgmarin/hprc-r2-rdt-testhub/raw/refs/heads/main/Data/rdt_anno_files/PBKT.NA18971.H2.RDTs.bb
HG02155_Hap1	https://github.com/maxgmarin/hprc-r2-rdt-testhub/raw/refs/heads/main/Data/rdt_anno_files/PBKT.HG02155.H1.RDTs.bb
HG02155_Hap2	https://github.com/maxgmarin/hprc-r2-rdt-testhub/raw/refs/heads/main/Data/rdt_anno_files/PBKT.HG02155.H2.RDTs.bb
HG00140_Hap1	https://github.com/maxgmarin/hprc-r2-rdt-testhub/raw/refs/heads/main/Data/rdt_anno_files/PBKT.HG00140.H1.RDTs.bb
HG00140_Hap2	https://github.com/maxgmarin/hprc-r2-rdt-testhub/raw/refs/heads/main/Data/rdt_anno_files/PBKT.HG00140.H2.RDTs.bb
HG00323_Hap1	https://github.com/maxgmarin/hprc-r2-rdt-testhub/raw/refs/heads/main/Data/rdt_anno_files/PBKT.HG00323.H1.RDTs.bb
HG00323_Hap2	https://github.com/maxgmarin/hprc-r2-rdt-testhub/raw/refs/heads/main/Data/rdt_anno_files/PBKT.HG00323.H2.RDTs.bb
HG02922_Hap1	https://github.com/maxgmarin/hprc-r2-rdt-testhub/raw/refs/heads/main/Data/rdt_anno_files/PBKT.HG02922.H1.RDTs.bb
HG02922_Hap2	https://github.com/maxgmarin/hprc-r2-rdt-testhub/raw/refs/heads/main/Data/rdt_anno_files/PBKT.HG02922.H2.RDTs.bb
HG02165_Hap1	https://github.com/maxgmarin/hprc-r2-rdt-testhub/raw/refs/heads/main/Data/rdt_anno_files/PBKT.HG02165.H1.RDTs.bb
HG02165_Hap2	https://github.com/maxgmarin/hprc-r2-rdt-testhub/raw/refs/heads/main/Data/rdt_anno_files/PBKT.HG02165.H2.RDTs.bb
NA18983_Hap1	https://github.com/maxgmarin/hprc-r2-rdt-testhub/raw/refs/heads/main/Data/rdt_anno_files/PBKT.NA18983.H1.RDTs.bb
NA18983_Hap2	https://github.com/maxgmarin/hprc-r2-rdt-testhub/raw/refs/heads/main/Data/rdt_anno_files/PBKT.NA18983.H2.RDTs.bb
HG02040_Hap1	https://github.com/maxgmarin/hprc-r2-rdt-testhub/raw/refs/heads/main/Data/rdt_anno_files/PBKT.HG02040.H1.RDTs.bb
HG02040_Hap2	https://github.com/maxgmarin/hprc-r2-rdt-testhub/raw/refs/heads/main/Data/rdt_anno_files/PBKT.HG02040.H2.RDTs.bb
NA18747_Hap1	https://github.com/maxgmarin/hprc-r2-rdt-testhub/raw/refs/heads/main/Data/rdt_anno_files/PBKT.NA18747.H1.RDTs.bb
NA18747_Hap2	https://github.com/maxgmarin/hprc-r2-rdt-testhub/raw/refs/heads/main/Data/rdt_anno_files/PBKT.NA18747.H2.RDTs.bb
NA19159_Hap1	https://github.com/maxgmarin/hprc-r2-rdt-testhub/raw/refs/heads/main/Data/rdt_anno_files/PBKT.NA19159.H1.RDTs.bb
NA19159_Hap2	https://github.com/maxgmarin/hprc-r2-rdt-testhub/raw/refs/heads/main/Data/rdt_anno_files/PBKT.NA19159.H2.RDTs.bb
NA19185_Hap1	https://github.com/maxgmarin/hprc-r2-rdt-testhub/raw/refs/heads/main/Data/rdt_anno_files/PBKT.NA19185.H1.RDTs.bb
NA19185_Hap2	https://github.com/maxgmarin/hprc-r2-rdt-testhub/raw/refs/heads/main/Data/rdt_anno_files/PBKT.NA19185.H2.RDTs.bb
HG02391_Hap1	https://github.com/maxgmarin/hprc-r2-rdt-testhub/raw/refs/heads/main/Data/rdt_anno_files/PBKT.HG02391.H1.RDTs.bb
HG02391_Hap2	https://github.com/maxgmarin/hprc-r2-rdt-testhub/raw/refs/heads/main/Data/rdt_anno_files/PBKT.HG02391.H2.RDTs.bb
NA18570_Hap1	https://github.com/maxgmarin/hprc-r2-rdt-testhub/raw/refs/heads/main/Data/rdt_anno_files/PBKT.NA18570.H1.RDTs.bb
NA18570_Hap2	https://github.com/maxgmarin/hprc-r2-rdt-testhub/raw/refs/heads/main/Data/rdt_anno_files/PBKT.NA18570.H2.RDTs.bb
NA19087_Hap1	https://github.com/maxgmarin/hprc-r2-rdt-testhub/raw/refs/heads/main/Data/rdt_anno_files/PBKT.NA19087.H1.RDTs.bb
NA19087_Hap2	https://github.com/maxgmarin/hprc-r2-rdt-testhub/raw/refs/heads/main/Data/rdt_anno_files/PBKT.NA19087.H2.RDTs.bb
NA20805_Hap1	https://github.com/maxgmarin/hprc-r2-rdt-testhub/raw/refs/heads/main/Data/rdt_anno_files/PBKT.NA20805.H1.RDTs.bb
NA20805_Hap2	https://github.com/maxgmarin/hprc-r2-rdt-testhub/raw/refs/heads/main/Data/rdt_anno_files/PBKT.NA20805.H2.RDTs.bb
HG00099_Hap1	https://github.com/maxgmarin/hprc-r2-rdt-testhub/raw/refs/heads/main/Data/rdt_anno_files/PBKT.HG00099.H1.RDTs.bb
HG00099_Hap2	https://github.com/maxgmarin/hprc-r2-rdt-testhub/raw/refs/heads/main/Data/rdt_anno_files/PBKT.HG00099.H2.RDTs.bb
HG00280_Hap1	https://github.com/maxgmarin/hprc-r2-rdt-testhub/raw/refs/heads/main/Data/rdt_anno_files/PBKT.HG00280.H1.RDTs.bb
HG00280_Hap2	https://github.com/maxgmarin/hprc-r2-rdt-testhub/raw/refs/heads/main/Data/rdt_anno_files/PBKT.HG00280.H2.RDTs.bb
NA20752_Hap1	https://github.com/maxgmarin/hprc-r2-rdt-testhub/raw/refs/heads/main/Data/rdt_anno_files/PBKT.NA20752.H1.RDTs.bb
NA20752_Hap2	https://github.com/maxgmarin/hprc-r2-rdt-testhub/raw/refs/heads/main/Data/rdt_anno_files/PBKT.NA20752.H2.RDTs.bb
NA20905_Hap1	https://github.com/maxgmarin/hprc-r2-rdt-testhub/raw/refs/heads/main/Data/rdt_anno_files/PBKT.NA20905.H1.RDTs.bb
NA20905_Hap2	https://github.com/maxgmarin/hprc-r2-rdt-testhub/raw/refs/heads/main/Data/rdt_anno_files/PBKT.NA20905.H2.RDTs.bb
HG01530_Hap1	https://github.com/maxgmarin/hprc-r2-rdt-testhub/raw/refs/heads/main/Data/rdt_anno_files/PBKT.HG01530.H1.RDTs.bb
HG01530_Hap2	https://github.com/maxgmarin/hprc-r2-rdt-testhub/raw/refs/heads/main/Data/rdt_anno_files/PBKT.HG01530.H2.RDTs.bb
HG01784_Hap1	https://github.com/maxgmarin/hprc-r2-rdt-testhub/raw/refs/heads/main/Data/rdt_anno_files/PBKT.HG01784.H1.RDTs.bb
HG01784_Hap2	https://github.com/maxgmarin/hprc-r2-rdt-testhub/raw/refs/heads/main/Data/rdt_anno_files/PBKT.HG01784.H2.RDTs.bb
NA20799_Hap1	https://github.com/maxgmarin/hprc-r2-rdt-testhub/raw/refs/heads/main/Data/rdt_anno_files/PBKT.NA20799.H1.RDTs.bb
NA20799_Hap2	https://github.com/maxgmarin/hprc-r2-rdt-testhub/raw/refs/heads/main/Data/rdt_anno_files/PBKT.NA20799.H2.RDTs.bb
HG03742_Hap1	https://github.com/maxgmarin/hprc-r2-rdt-testhub/raw/refs/heads/main/Data/rdt_anno_files/PBKT.HG03742.H1.RDTs.bb
HG03742_Hap2	https://github.com/maxgmarin/hprc-r2-rdt-testhub/raw/refs/heads/main/Data/rdt_anno_files/PBKT.HG03742.H2.RDTs.bb
NA19043_Hap1	https://github.com/maxgmarin/hprc-r2-rdt-testhub/raw/refs/heads/main/Data/rdt_anno_files/PBKT.NA19043.H1.RDTs.bb
NA19043_Hap2	https://github.com/maxgmarin/hprc-r2-rdt-testhub/raw/refs/heads/main/Data/rdt_anno_files/PBKT.NA19043.H2.RDTs.bb
NA19909_Hap1	https://github.com/maxgmarin/hprc-r2-rdt-testhub/raw/refs/heads/main/Data/rdt_anno_files/PBKT.NA19909.H1.RDTs.bb
NA19909_Hap2	https://github.com/maxgmarin/hprc-r2-rdt-testhub/raw/refs/heads/main/Data/rdt_anno_files/PBKT.NA19909.H2.RDTs.bb
NA20282_Hap1	https://github.com/maxgmarin/hprc-r2-rdt-testhub/raw/refs/heads/main/Data/rdt_anno_files/PBKT.NA20282.H1.RDTs.bb
NA20282_Hap2	https://github.com/maxgmarin/hprc-r2-rdt-testhub/raw/refs/heads/main/Data/rdt_anno_files/PBKT.NA20282.H2.RDTs.bb
NA20346_Hap1	https://github.com/maxgmarin/hprc-r2-rdt-testhub/raw/refs/heads/main/Data/rdt_anno_files/PBKT.NA20346.H1.RDTs.bb
NA20346_Hap2	https://github.com/maxgmarin/hprc-r2-rdt-testhub/raw/refs/heads/main/Data/rdt_anno_files/PBKT.NA20346.H2.RDTs.bb
NA19776_Hap1	https://github.com/maxgmarin/hprc-r2-rdt-testhub/raw/refs/heads/main/Data/rdt_anno_files/PBKT.NA19776.H1.RDTs.bb
NA19776_Hap2	https://github.com/maxgmarin/hprc-r2-rdt-testhub/raw/refs/heads/main/Data/rdt_anno_files/PBKT.NA19776.H2.RDTs.bb
NA19682_Hap1	https://github.com/maxgmarin/hprc-r2-rdt-testhub/raw/refs/heads/main/Data/rdt_anno_files/PBKT.NA19682.H1.RDTs.bb
NA19682_Hap2	https://github.com/maxgmarin/hprc-r2-rdt-testhub/raw/refs/heads/main/Data/rdt_anno_files/PBKT.NA19682.H2.RDTs.bb
NA19700_Hap1	https://github.com/maxgmarin/hprc-r2-rdt-testhub/raw/refs/heads/main/Data/rdt_anno_files/PBKT.NA19700.H1.RDTs.bb
NA19700_Hap2	https://github.com/maxgmarin/hprc-r2-rdt-testhub/raw/refs/heads/main/Data/rdt_anno_files/PBKT.NA19700.H2.RDTs.bb
HG02392_Hap1	https://github.com/maxgmarin/hprc-r2-rdt-testhub/raw/refs/heads/main/Data/rdt_anno_files/PBKT.HG02392.H1.RDTs.bb
HG02392_Hap2	https://github.com/maxgmarin/hprc-r2-rdt-testhub/raw/refs/heads/main/Data/rdt_anno_files/PBKT.HG02392.H2.RDTs.bb
HG02178_Hap1	https://github.com/maxgmarin/hprc-r2-rdt-testhub/raw/refs/heads/main/Data/rdt_anno_files/PBKT.HG02178.H1.RDTs.bb
HG02178_Hap2	https://github.com/maxgmarin/hprc-r2-rdt-testhub/raw/refs/heads/main/Data/rdt_anno_files/PBKT.HG02178.H2.RDTs.bb
NA18620_Hap1	https://github.com/maxgmarin/hprc-r2-rdt-testhub/raw/refs/heads/main/Data/rdt_anno_files/PBKT.NA18620.H1.RDTs.bb
NA18620_Hap2	https://github.com/maxgmarin/hprc-r2-rdt-testhub/raw/refs/heads/main/Data/rdt_anno_files/PBKT.NA18620.H2.RDTs.bb
NA18608_Hap1	https://github.com/maxgmarin/hprc-r2-rdt-testhub/raw/refs/heads/main/Data/rdt_anno_files/PBKT.NA18608.H1.RDTs.bb
NA18608_Hap2	https://github.com/maxgmarin/hprc-r2-rdt-testhub/raw/refs/heads/main/Data/rdt_anno_files/PBKT.NA18608.H2.RDTs.bb
NA18974_Hap1	https://github.com/maxgmarin/hprc-r2-rdt-testhub/raw/refs/heads/main/Data/rdt_anno_files/PBKT.NA18974.H1.RDTs.bb
NA18974_Hap2	https://github.com/maxgmarin/hprc-r2-rdt-testhub/raw/refs/heads/main/Data/rdt_anno_files/PBKT.NA18974.H2.RDTs.bb
NA18952_Hap1	https://github.com/maxgmarin/hprc-r2-rdt-testhub/raw/refs/heads/main/Data/rdt_anno_files/PBKT.NA18952.H1.RDTs.bb
NA18952_Hap2	https://github.com/maxgmarin/hprc-r2-rdt-testhub/raw/refs/heads/main/Data/rdt_anno_files/PBKT.NA18952.H2.RDTs.bb
NA18976_Hap1	https://github.com/maxgmarin/hprc-r2-rdt-testhub/raw/refs/heads/main/Data/rdt_anno_files/PBKT.NA18976.H1.RDTs.bb
NA18976_Hap2	https://github.com/maxgmarin/hprc-r2-rdt-testhub/raw/refs/heads/main/Data/rdt_anno_files/PBKT.NA18976.H2.RDTs.bb
NA20870_Hap1	https://github.com/maxgmarin/hprc-r2-rdt-testhub/raw/refs/heads/main/Data/rdt_anno_files/PBKT.NA20870.H1.RDTs.bb
NA20870_Hap2	https://github.com/maxgmarin/hprc-r2-rdt-testhub/raw/refs/heads/main/Data/rdt_anno_files/PBKT.NA20870.H2.RDTs.bb
NA21110_Hap1	https://github.com/maxgmarin/hprc-r2-rdt-testhub/raw/refs/heads/main/Data/rdt_anno_files/PBKT.NA21110.H1.RDTs.bb
NA21110_Hap2	https://github.com/maxgmarin/hprc-r2-rdt-testhub/raw/refs/heads/main/Data/rdt_anno_files/PBKT.NA21110.H2.RDTs.bb
HG03874_Hap1	https://github.com/maxgmarin/hprc-r2-rdt-testhub/raw/refs/heads/main/Data/rdt_anno_files/PBKT.HG03874.H1.RDTs.bb
HG03874_Hap2	https://github.com/maxgmarin/hprc-r2-rdt-testhub/raw/refs/heads/main/Data/rdt_anno_files/PBKT.HG03874.H2.RDTs.bb
NA18508_Hap1	https://github.com/maxgmarin/hprc-r2-rdt-testhub/raw/refs/heads/main/Data/rdt_anno_files/PBKT.NA18508.H1.RDTs.bb
NA18508_Hap2	https://github.com/maxgmarin/hprc-r2-rdt-testhub/raw/refs/heads/main/Data/rdt_anno_files/PBKT.NA18508.H2.RDTs.bb
NA21093_Hap1	https://github.com/maxgmarin/hprc-r2-rdt-testhub/raw/refs/heads/main/Data/rdt_anno_files/PBKT.NA21093.H1.RDTs.bb
NA21093_Hap2	https://github.com/maxgmarin/hprc-r2-rdt-testhub/raw/refs/heads/main/Data/rdt_anno_files/PBKT.NA21093.H2.RDTs.bb
NA21106_Hap1	https://github.com/maxgmarin/hprc-r2-rdt-testhub/raw/refs/heads/main/Data/rdt_anno_files/PBKT.NA21106.H1.RDTs.bb
NA21106_Hap2	https://github.com/maxgmarin/hprc-r2-rdt-testhub/raw/refs/heads/main/Data/rdt_anno_files/PBKT.NA21106.H2.RDTs.bb
NA20503_Hap1	https://github.com/maxgmarin/hprc-r2-rdt-testhub/raw/refs/heads/main/Data/rdt_anno_files/PBKT.NA20503.H1.RDTs.bb
NA20503_Hap2	https://github.com/maxgmarin/hprc-r2-rdt-testhub/raw/refs/heads/main/Data/rdt_anno_files/PBKT.NA20503.H2.RDTs.bb
HG03270_Hap1	https://github.com/maxgmarin/hprc-r2-rdt-testhub/raw/refs/heads/main/Data/rdt_anno_files/PBKT.HG03270.H1.RDTs.bb
HG03270_Hap2	https://github.com/maxgmarin/hprc-r2-rdt-testhub/raw/refs/heads/main/Data/rdt_anno_files/PBKT.HG03270.H2.RDTs.bb
HG00320_Hap1	https://github.com/maxgmarin/hprc-r2-rdt-testhub/raw/refs/heads/main/Data/rdt_anno_files/PBKT.HG00320.H1.RDTs.bb
HG00320_Hap2	https://github.com/maxgmarin/hprc-r2-rdt-testhub/raw/refs/heads/main/Data/rdt_anno_files/PBKT.HG00320.H2.RDTs.bb
HG01786_Hap1	https://github.com/maxgmarin/hprc-r2-rdt-testhub/raw/refs/heads/main/Data/rdt_anno_files/PBKT.HG01786.H1.RDTs.bb
HG01786_Hap2	https://github.com/maxgmarin/hprc-r2-rdt-testhub/raw/refs/heads/main/Data/rdt_anno_files/PBKT.HG01786.H2.RDTs.bb
HG00146_Hap1	https://github.com/maxgmarin/hprc-r2-rdt-testhub/raw/refs/heads/main/Data/rdt_anno_files/PBKT.HG00146.H1.RDTs.bb
HG00146_Hap2	https://github.com/maxgmarin/hprc-r2-rdt-testhub/raw/refs/heads/main/Data/rdt_anno_files/PBKT.HG00146.H2.RDTs.bb
HG00232_Hap1	https://github.com/maxgmarin/hprc-r2-rdt-testhub/raw/refs/heads/main/Data/rdt_anno_files/PBKT.HG00232.H1.RDTs.bb
HG00232_Hap2	https://github.com/maxgmarin/hprc-r2-rdt-testhub/raw/refs/heads/main/Data/rdt_anno_files/PBKT.HG00232.H2.RDTs.bb
HG00321_Hap1	https://github.com/maxgmarin/hprc-r2-rdt-testhub/raw/refs/heads/main/Data/rdt_anno_files/PBKT.HG00321.H1.RDTs.bb
HG00321_Hap2	https://github.com/maxgmarin/hprc-r2-rdt-testhub/raw/refs/heads/main/Data/rdt_anno_files/PBKT.HG00321.H2.RDTs.bb
HG00126_Hap1	https://github.com/maxgmarin/hprc-r2-rdt-testhub/raw/refs/heads/main/Data/rdt_anno_files/PBKT.HG00126.H1.RDTs.bb
HG00126_Hap2	https://github.com/maxgmarin/hprc-r2-rdt-testhub/raw/refs/heads/main/Data/rdt_anno_files/PBKT.HG00126.H2.RDTs.bb
HG00133_Hap1	https://github.com/maxgmarin/hprc-r2-rdt-testhub/raw/refs/heads/main/Data/rdt_anno_files/PBKT.HG00133.H1.RDTs.bb
HG00133_Hap2	https://github.com/maxgmarin/hprc-r2-rdt-testhub/raw/refs/heads/main/Data/rdt_anno_files/PBKT.HG00133.H2.RDTs.bb
HG00290_Hap1	https://github.com/maxgmarin/hprc-r2-rdt-testhub/raw/refs/heads/main/Data/rdt_anno_files/PBKT.HG00290.H1.RDTs.bb
HG00290_Hap2	https://github.com/maxgmarin/hprc-r2-rdt-testhub/raw/refs/heads/main/Data/rdt_anno_files/PBKT.HG00290.H2.RDTs.bb
NA19443_Hap1	https://github.com/maxgmarin/hprc-r2-rdt-testhub/raw/refs/heads/main/Data/rdt_anno_files/PBKT.NA19443.H1.RDTs.bb
NA19443_Hap2	https://github.com/maxgmarin/hprc-r2-rdt-testhub/raw/refs/heads/main/Data/rdt_anno_files/PBKT.NA19443.H2.RDTs.bb
HG00128_Hap1	https://github.com/maxgmarin/hprc-r2-rdt-testhub/raw/refs/heads/main/Data/rdt_anno_files/PBKT.HG00128.H1.RDTs.bb
HG00128_Hap2	https://github.com/maxgmarin/hprc-r2-rdt-testhub/raw/refs/heads/main/Data/rdt_anno_files/PBKT.HG00128.H2.RDTs.bb
NA19036_Hap1	https://github.com/maxgmarin/hprc-r2-rdt-testhub/raw/refs/heads/main/Data/rdt_anno_files/PBKT.NA19036.H1.RDTs.bb
NA19036_Hap2	https://github.com/maxgmarin/hprc-r2-rdt-testhub/raw/refs/heads/main/Data/rdt_anno_files/PBKT.NA19036.H2.RDTs.bb
NA18505_Hap1	https://github.com/maxgmarin/hprc-r2-rdt-testhub/raw/refs/heads/main/Data/rdt_anno_files/PBKT.NA18505.H1.RDTs.bb
NA18505_Hap2	https://github.com/maxgmarin/hprc-r2-rdt-testhub/raw/refs/heads/main/Data/rdt_anno_files/PBKT.NA18505.H2.RDTs.bb
HG03583_Hap1	https://github.com/maxgmarin/hprc-r2-rdt-testhub/raw/refs/heads/main/Data/rdt_anno_files/PBKT.HG03583.H1.RDTs.bb
HG03583_Hap2	https://github.com/maxgmarin/hprc-r2-rdt-testhub/raw/refs/heads/main/Data/rdt_anno_files/PBKT.HG03583.H2.RDTs.bb
HG00329_Hap1	https://github.com/maxgmarin/hprc-r2-rdt-testhub/raw/refs/heads/main/Data/rdt_anno_files/PBKT.HG00329.H1.RDTs.bb
HG00329_Hap2	https://github.com/maxgmarin/hprc-r2-rdt-testhub/raw/refs/heads/main/Data/rdt_anno_files/PBKT.HG00329.H2.RDTs.bb
HG03784_Hap1	https://github.com/maxgmarin/hprc-r2-rdt-testhub/raw/refs/heads/main/Data/rdt_anno_files/PBKT.HG03784.H1.RDTs.bb
HG03784_Hap2	https://github.com/maxgmarin/hprc-r2-rdt-testhub/raw/refs/heads/main/Data/rdt_anno_files/PBKT.HG03784.H2.RDTs.bb
NA20806_Hap1	https://github.com/maxgmarin/hprc-r2-rdt-testhub/raw/refs/heads/main/Data/rdt_anno_files/PBKT.NA20806.H1.RDTs.bb
NA20806_Hap2	https://github.com/maxgmarin/hprc-r2-rdt-testhub/raw/refs/heads/main/Data/rdt_anno_files/PBKT.NA20806.H2.RDTs.bb
NA21144_Hap1	https://github.com/maxgmarin/hprc-r2-rdt-testhub/raw/refs/heads/main/Data/rdt_anno_files/PBKT.NA21144.H1.RDTs.bb
NA21144_Hap2	https://github.com/maxgmarin/hprc-r2-rdt-testhub/raw/refs/heads/main/Data/rdt_anno_files/PBKT.NA21144.H2.RDTs.bb
NA20827_Hap1	https://github.com/maxgmarin/hprc-r2-rdt-testhub/raw/refs/heads/main/Data/rdt_anno_files/PBKT.NA20827.H1.RDTs.bb
NA20827_Hap2	https://github.com/maxgmarin/hprc-r2-rdt-testhub/raw/refs/heads/main/Data/rdt_anno_files/PBKT.NA20827.H2.RDTs.bb
HG03521_Hap1	https://github.com/maxgmarin/hprc-r2-rdt-testhub/raw/refs/heads/main/Data/rdt_anno_files/PBKT.HG03521.H1.RDTs.bb
HG03521_Hap2	https://github.com/maxgmarin/hprc-r2-rdt-testhub/raw/refs/heads/main/Data/rdt_anno_files/PBKT.HG03521.H2.RDTs.bb
NA20762_Hap1	https://github.com/maxgmarin/hprc-r2-rdt-testhub/raw/refs/heads/main/Data/rdt_anno_files/PBKT.NA20762.H1.RDTs.bb
NA20762_Hap2	https://github.com/maxgmarin/hprc-r2-rdt-testhub/raw/refs/heads/main/Data/rdt_anno_files/PBKT.NA20762.H2.RDTs.bb
HG00344_Hap1	https://github.com/maxgmarin/hprc-r2-rdt-testhub/raw/refs/heads/main/Data/rdt_anno_files/PBKT.HG00344.H1.RDTs.bb
HG00344_Hap2	https://github.com/maxgmarin/hprc-r2-rdt-testhub/raw/refs/heads/main/Data/rdt_anno_files/PBKT.HG00344.H2.RDTs.bb
HG00350_Hap1	https://github.com/maxgmarin/hprc-r2-rdt-testhub/raw/refs/heads/main/Data/rdt_anno_files/PBKT.HG00350.H1.RDTs.bb
HG00350_Hap2	https://github.com/maxgmarin/hprc-r2-rdt-testhub/raw/refs/heads/main/Data/rdt_anno_files/PBKT.HG00350.H2.RDTs.bb
HG02583_Hap1	https://github.com/maxgmarin/hprc-r2-rdt-testhub/raw/refs/heads/main/Data/rdt_anno_files/PBKT.HG02583.H1.RDTs.bb
HG02583_Hap2	https://github.com/maxgmarin/hprc-r2-rdt-testhub/raw/refs/heads/main/Data/rdt_anno_files/PBKT.HG02583.H2.RDTs.bb
HG00272_Hap1	https://github.com/maxgmarin/hprc-r2-rdt-testhub/raw/refs/heads/main/Data/rdt_anno_files/PBKT.HG00272.H1.RDTs.bb
HG00272_Hap2	https://github.com/maxgmarin/hprc-r2-rdt-testhub/raw/refs/heads/main/Data/rdt_anno_files/PBKT.HG00272.H2.RDTs.bb
HG00097_Hap1	https://github.com/maxgmarin/hprc-r2-rdt-testhub/raw/refs/heads/main/Data/rdt_anno_files/PBKT.HG00097.H1.RDTs.bb
HG00097_Hap2	https://github.com/maxgmarin/hprc-r2-rdt-testhub/raw/refs/heads/main/Data/rdt_anno_files/PBKT.HG00097.H2.RDTs.bb
NA18879_Hap1	https://github.com/maxgmarin/hprc-r2-rdt-testhub/raw/refs/heads/main/Data/rdt_anno_files/PBKT.NA18879.H1.RDTs.bb
NA18879_Hap2	https://github.com/maxgmarin/hprc-r2-rdt-testhub/raw/refs/heads/main/Data/rdt_anno_files/PBKT.NA18879.H2.RDTs.bb
NA20850_Hap1	https://github.com/maxgmarin/hprc-r2-rdt-testhub/raw/refs/heads/main/Data/rdt_anno_files/PBKT.NA20850.H1.RDTs.bb
NA20850_Hap2	https://github.com/maxgmarin/hprc-r2-rdt-testhub/raw/refs/heads/main/Data/rdt_anno_files/PBKT.NA20850.H2.RDTs.bb
NA19835_Hap1	https://github.com/maxgmarin/hprc-r2-rdt-testhub/raw/refs/heads/main/Data/rdt_anno_files/PBKT.NA19835.H1.RDTs.bb
NA19835_Hap2	https://github.com/maxgmarin/hprc-r2-rdt-testhub/raw/refs/heads/main/Data/rdt_anno_files/PBKT.NA19835.H2.RDTs.bb
HG00253_Hap1	https://github.com/maxgmarin/hprc-r2-rdt-testhub/raw/refs/heads/main/Data/rdt_anno_files/PBKT.HG00253.H1.RDTs.bb
HG00253_Hap2	https://github.com/maxgmarin/hprc-r2-rdt-testhub/raw/refs/heads/main/Data/rdt_anno_files/PBKT.HG00253.H2.RDTs.bb
HG00235_Hap1	https://github.com/maxgmarin/hprc-r2-rdt-testhub/raw/refs/heads/main/Data/rdt_anno_files/PBKT.HG00235.H1.RDTs.bb
HG00235_Hap2	https://github.com/maxgmarin/hprc-r2-rdt-testhub/raw/refs/heads/main/Data/rdt_anno_files/PBKT.HG00235.H2.RDTs.bb
HG03369_Hap1	https://github.com/maxgmarin/hprc-r2-rdt-testhub/raw/refs/heads/main/Data/rdt_anno_files/PBKT.HG03369.H1.RDTs.bb
HG03369_Hap2	https://github.com/maxgmarin/hprc-r2-rdt-testhub/raw/refs/heads/main/Data/rdt_anno_files/PBKT.HG03369.H2.RDTs.bb
NA18565_Hap1	https://github.com/maxgmarin/hprc-r2-rdt-testhub/raw/refs/heads/main/Data/rdt_anno_files/PBKT.NA18565.H1.RDTs.bb
NA18565_Hap2	https://github.com/maxgmarin/hprc-r2-rdt-testhub/raw/refs/heads/main/Data/rdt_anno_files/PBKT.NA18565.H2.RDTs.bb
NA20809_Hap1	https://github.com/maxgmarin/hprc-r2-rdt-testhub/raw/refs/heads/main/Data/rdt_anno_files/PBKT.NA20809.H1.RDTs.bb
NA20809_Hap2	https://github.com/maxgmarin/hprc-r2-rdt-testhub/raw/refs/heads/main/Data/rdt_anno_files/PBKT.NA20809.H2.RDTs.bb
NA21102_Hap1	https://github.com/maxgmarin/hprc-r2-rdt-testhub/raw/refs/heads/main/Data/rdt_anno_files/PBKT.NA21102.H1.RDTs.bb
NA21102_Hap2	https://github.com/maxgmarin/hprc-r2-rdt-testhub/raw/refs/heads/main/Data/rdt_anno_files/PBKT.NA21102.H2.RDTs.bb
HG01167_Hap1	https://github.com/maxgmarin/hprc-r2-rdt-testhub/raw/refs/heads/main/Data/rdt_anno_files/PBKT.HG01167.H1.RDTs.bb
HG01167_Hap2	https://github.com/maxgmarin/hprc-r2-rdt-testhub/raw/refs/heads/main/Data/rdt_anno_files/PBKT.HG01167.H2.RDTs.bb
NA18967_Hap1	https://github.com/maxgmarin/hprc-r2-rdt-testhub/raw/refs/heads/main/Data/rdt_anno_files/PBKT.NA18967.H1.RDTs.bb
NA18967_Hap2	https://github.com/maxgmarin/hprc-r2-rdt-testhub/raw/refs/heads/main/Data/rdt_anno_files/PBKT.NA18967.H2.RDTs.bb
NA18970_Hap1	https://github.com/maxgmarin/hprc-r2-rdt-testhub/raw/refs/heads/main/Data/rdt_anno_files/PBKT.NA18970.H1.RDTs.bb
NA18970_Hap2	https://github.com/maxgmarin/hprc-r2-rdt-testhub/raw/refs/heads/main/Data/rdt_anno_files/PBKT.NA18970.H2.RDTs.bb
