assembly_accession	sample_name	GenomeID	haplotype	GenHapID
GCA_041900255.1	HG00408_pat	HG00408	Hap1	HG00408_Hap1
GCA_041900365.1	HG00597_pat	HG00597	Hap1	HG00597_Hap1
GCA_041900145.1	HG01192_pat	HG01192	Hap1	HG01192_Hap1
GCA_041900235.1	HG01261_pat	HG01261	Hap1	HG01261_Hap1
GCA_041900165.1	HG02015_pat	HG02015	Hap1	HG02015_Hap1
GCA_041900085.1	HG02056_pat	HG02056	Hap1	HG02056_Hap1
GCA_041899985.1	HG02129_pat	HG02129	Hap1	HG02129_Hap1
GCA_041899975.1	HG02258_pat	HG02258	Hap1	HG02258_Hap1
GCA_041899965.1	HG03834_pat	HG03834	Hap1	HG03834_Hap1
GCA_046000135.1	HG01975_pat	HG01975	Hap1	HG01975_Hap1
GCA_046000095.1	HG02602_pat	HG02602	Hap1	HG02602_Hap1
GCA_046000115.1	HG04187_pat	HG04187	Hap1	HG04187_Hap1
GCA_046000005.1	NA18879_pat	NA18879	Hap1	NA18879_Hap1
GCA_046000145.1	NA20752_pat	NA20752	Hap1	NA20752_Hap1
GCA_018852595.2	HG02145_pat	HG02145	Hap1	HG02145_Hap1
GCA_042027545.1	HG00609_pat	HG00609	Hap1	HG00609_Hap1
GCA_042028805.1	HG00642_pat	HG00642	Hap1	HG00642_Hap1
GCA_042028835.1	HG00738_pat	HG00738	Hap1	HG00738_Hap1
GCA_042027475.1	HG01099_pat	HG01099	Hap1	HG01099_Hap1
GCA_042029915.1	HG01255_pat	HG01255	Hap1	HG01255_Hap1
GCA_042028795.1	HG01346_pat	HG01346	Hap1	HG01346_Hap1
GCA_042028645.1	HG01433_pat	HG01433	Hap1	HG01433_Hap1
GCA_042027595.1	HG01496_pat	HG01496	Hap1	HG01496_Hap1
GCA_042028275.1	HG01884_pat	HG01884	Hap1	HG01884_Hap1
GCA_042027505.1	HG01981_pat	HG01981	Hap1	HG01981_Hap1
GCA_042028705.1	HG01993_pat	HG01993	Hap1	HG01993_Hap1
GCA_042027455.1	HG02004_pat	HG02004	Hap1	HG02004_Hap1
GCA_042030215.1	HG02027_pat	HG02027	Hap1	HG02027_Hap1
GCA_042030135.1	HG02083_pat	HG02083	Hap1	HG02083_Hap1
GCA_042030125.1	HG02132_pat	HG02132	Hap1	HG02132_Hap1
GCA_042027485.1	HG02280_pat	HG02280	Hap1	HG02280_Hap1
GCA_042027495.1	HG02293_pat	HG02293	Hap1	HG02293_Hap1
GCA_042028475.1	HG02300_pat	HG02300	Hap1	HG02300_Hap1
GCA_042027135.1	HG02451_pat	HG02451	Hap1	HG02451_Hap1
GCA_042030115.1	HG02523_pat	HG02523	Hap1	HG02523_Hap1
GCA_042029935.1	HG02615_pat	HG02615	Hap1	HG02615_Hap1
GCA_042028775.1	HG02647_pat	HG02647	Hap1	HG02647_Hap1
GCA_042030045.1	HG02698_pat	HG02698	Hap1	HG02698_Hap1
GCA_042030035.1	HG03654_pat	HG03654	Hap1	HG03654_Hap1
GCA_042029925.1	HG03669_pat	HG03669	Hap1	HG03669_Hap1
GCA_042030025.1	HG03688_pat	HG03688	Hap1	HG03688_Hap1
GCA_042027445.1	HG03704_pat	HG03704	Hap1	HG03704_Hap1
GCA_042030055.1	HG03710_pat	HG03710	Hap1	HG03710_Hap1
GCA_042028725.1	HG03831_pat	HG03831	Hap1	HG03831_Hap1
GCA_042028845.1	HG03927_pat	HG03927	Hap1	HG03927_Hap1
GCA_042029955.1	HG04115_pat	HG04115	Hap1	HG04115_Hap1
GCA_042028635.1	HG04184_pat	HG04184	Hap1	HG04184_Hap1
GCA_042030015.1	HG04199_pat	HG04199	Hap1	HG04199_Hap1
GCA_046056435.1	HG02738_pat	HG02738	Hap1	HG02738_Hap1
GCA_018472575.2	HG00621_pat	HG00621	Hap1	HG00621_Hap1
GCA_018471105.2	HG00741_pat	HG00741	Hap1	HG00741_Hap1
GCA_018471075.2	HG01106_pat	HG01106	Hap1	HG01106_Hap1
GCA_018471065.2	HG01175_pat	HG01175	Hap1	HG01175_Hap1
GCA_018469675.2	HG01258_pat	HG01258	Hap1	HG01258_Hap1
GCA_018467165.2	HG01891_pat	HG01891	Hap1	HG01891_Hap1
GCA_018471555.2	HG01952_pat	HG01952	Hap1	HG01952_Hap1
GCA_018471525.2	HG02148_pat	HG02148	Hap1	HG02148_Hap1
GCA_018467005.2	HG02486_pat	HG02486	Hap1	HG02486_Hap1
GCA_018466855.2	HG02559_pat	HG02559	Hap1	HG02559_Hap1
GCA_018470435.2	HG02572_pat	HG02572	Hap1	HG02572_Hap1
GCA_018469925.2	HG02622_pat	HG02622	Hap1	HG02622_Hap1
GCA_018470465.2	HG02886_pat	HG02886	Hap1	HG02886_Hap1
GCA_018473305.2	HG03453_pat	HG03453	Hap1	HG03453_Hap1
GCA_018473315.2	HG03540_pat	HG03540	Hap1	HG03540_Hap1
GCA_042032525.1	HG00099_pat	HG00099	Hap1	HG00099_Hap1
GCA_042031265.1	HG00140_pat	HG00140	Hap1	HG00140_Hap1
GCA_042031275.1	HG00280_pat	HG00280	Hap1	HG00280_Hap1
GCA_042032465.1	HG00323_pat	HG00323	Hap1	HG00323_Hap1
GCA_042032555.1	HG02040_pat	HG02040	Hap1	HG02040_Hap1
GCA_042032565.1	HG02165_pat	HG02165	Hap1	HG02165_Hap1
GCA_042031155.1	HG02273_pat	HG02273	Hap1	HG02273_Hap1
GCA_042031165.1	HG02922_pat	HG02922	Hap1	HG02922_Hap1
GCA_042032535.1	HG02965_pat	HG02965	Hap1	HG02965_Hap1
GCA_042031255.1	HG02976_pat	HG02976	Hap1	HG02976_Hap1
GCA_042032345.1	HG03130_pat	HG03130	Hap1	HG03130_Hap1
GCA_042031175.1	HG03195_pat	HG03195	Hap1	HG03195_Hap1
GCA_042032445.1	HG03209_pat	HG03209	Hap1	HG03209_Hap1
GCA_042031325.1	NA18522_pat	NA18522	Hap1	NA18522_Hap1
GCA_042031315.1	NA18747_pat	NA18747	Hap1	NA18747_Hap1
GCA_042032395.1	NA18971_pat	NA18971	Hap1	NA18971_Hap1
GCA_042032545.1	NA18983_pat	NA18983	Hap1	NA18983_Hap1
GCA_042031205.1	NA19043_pat	NA19043	Hap1	NA19043_Hap1
GCA_042032625.1	NA20905_pat	NA20905	Hap1	NA20905_Hap1
GCA_042034285.1	HG01530_pat	HG01530	Hap1	HG01530_Hap1
GCA_042034305.1	HG01784_pat	HG01784	Hap1	HG01784_Hap1
GCA_042034315.1	HG02391_pat	HG02391	Hap1	HG02391_Hap1
GCA_042034215.1	HG03471_pat	HG03471	Hap1	HG03471_Hap1
GCA_042034325.1	HG03742_pat	HG03742	Hap1	HG03742_Hap1
GCA_042034345.1	NA18570_pat	NA18570	Hap1	NA18570_Hap1
GCA_042034335.1	NA19087_pat	NA19087	Hap1	NA19087_Hap1
GCA_042035275.1	NA19185_pat	NA19185	Hap1	NA19185_Hap1
GCA_042035195.1	NA19338_pat	NA19338	Hap1	NA19338_Hap1
GCA_042035185.1	NA19391_pat	NA19391	Hap1	NA19391_Hap1
GCA_042035225.1	NA19468_pat	NA19468	Hap1	NA19468_Hap1
GCA_018472595.2	HG00438_pat	HG00438	Hap1	HG00438_Hap1
GCA_042037725.1	HG00558_pat	HG00558	Hap1	HG00558_Hap1
GCA_042037765.1	HG00639_pat	HG00639	Hap1	HG00639_Hap1
GCA_042037975.1	HG00658_pat	HG00658	Hap1	HG00658_Hap1
GCA_018472585.2	HG00673_pat	HG00673	Hap1	HG00673_Hap1
GCA_018472725.2	HG01071_pat	HG01071	Hap1	HG01071_Hap1
GCA_042037995.1	HG01074_pat	HG01074	Hap1	HG01074_Hap1
GCA_042037825.1	HG01081_pat	HG01081	Hap1	HG01081_Hap1
GCA_018469695.2	HG01123_pat	HG01123	Hap1	HG01123_Hap1
GCA_042037855.1	HG01150_pat	HG01150	Hap1	HG01150_Hap1
GCA_042038865.1	HG01252_pat	HG01252	Hap1	HG01252_Hap1
GCA_018469965.2	HG01358_pat	HG01358	Hap1	HG01358_Hap1
GCA_018469705.2	HG01361_pat	HG01361	Hap1	HG01361_Hap1
GCA_018472705.2	HG01928_pat	HG01928	Hap1	HG01928_Hap1
GCA_042038875.1	HG01934_pat	HG01934	Hap1	HG01934_Hap1
GCA_042037875.1	HG01940_pat	HG01940	Hap1	HG01940_Hap1
GCA_042037895.1	HG01960_pat	HG01960	Hap1	HG01960_Hap1
GCA_042037885.1	HG01969_pat	HG01969	Hap1	HG01969_Hap1
GCA_018472845.2	HG01978_pat	HG01978	Hap1	HG01978_Hap1
GCA_042036435.1	HG02071_pat	HG02071	Hap1	HG02071_Hap1
GCA_042036445.1	HG02074_pat	HG02074	Hap1	HG02074_Hap1
GCA_042036495.1	HG02135_pat	HG02135	Hap1	HG02135_Hap1
GCA_018466835.2	HG02257_pat	HG02257	Hap1	HG02257_Hap1
GCA_042038895.1	HG02668_pat	HG02668	Hap1	HG02668_Hap1
GCA_018470425.2	HG02717_pat	HG02717	Hap1	HG02717_Hap1
GCA_042036525.1	HG02809_pat	HG02809	Hap1	HG02809_Hap1
GCA_042038885.1	HG03017_pat	HG03017	Hap1	HG03017_Hap1
GCA_042037905.1	HG03041_pat	HG03041	Hap1	HG03041_Hap1
GCA_042037925.1	HG03239_pat	HG03239	Hap1	HG03239_Hap1
GCA_018469415.2	HG03516_pat	HG03516	Hap1	HG03516_Hap1
GCA_042036515.1	HG03804_pat	HG03804	Hap1	HG03804_Hap1
GCA_042036505.1	HG03942_pat	HG03942	Hap1	HG03942_Hap1
GCA_042036535.1	HG04157_pat	HG04157	Hap1	HG04157_Hap1
GCA_042036805.1	HG04160_pat	HG04160	Hap1	HG04160_Hap1
GCA_042036795.1	HG04204_pat	HG04204	Hap1	HG04204_Hap1
GCA_042036925.1	HG04228_pat	HG04228	Hap1	HG04228_Hap1
GCA_046116065.1	HG00706_pat	HG00706	Hap1	HG00706_Hap1
GCA_046116025.1	HG03816_pat	HG03816	Hap1	HG03816_Hap1
GCA_042076665.1	HG00423_pat	HG00423	Hap1	HG00423_Hap1
GCA_042076675.1	HG00544_pat	HG00544	Hap1	HG00544_Hap1
GCA_042076525.1	HG01943_pat	HG01943	Hap1	HG01943_Hap1
GCA_042076445.1	HG02735_pat	HG02735	Hap1	HG02735_Hap1
GCA_042076455.1	HG03225_pat	HG03225	Hap1	HG03225_Hap1
GCA_046056445.1	NA19159_pat	NA19159	Hap1	NA19159_Hap1
GCA_042078065.1	HG00126_pat	HG00126	Hap1	HG00126_Hap1
GCA_042078025.1	HG00128_pat	HG00128	Hap1	HG00128_Hap1
GCA_042078005.1	HG00133_pat	HG00133	Hap1	HG00133_Hap1
GCA_042077995.1	HG00146_pat	HG00146	Hap1	HG00146_Hap1
GCA_042077985.1	HG00232_pat	HG00232	Hap1	HG00232_Hap1
GCA_042077965.1	HG00290_pat	HG00290	Hap1	HG00290_Hap1
GCA_042077865.1	HG00320_pat	HG00320	Hap1	HG00320_Hap1
GCA_042077015.1	HG00321_pat	HG00321	Hap1	HG00321_Hap1
GCA_042076995.1	HG01786_pat	HG01786	Hap1	HG01786_Hap1
GCA_042077705.1	HG02178_pat	HG02178	Hap1	HG02178_Hap1
GCA_042076985.1	HG02583_pat	HG02583	Hap1	HG02583_Hap1
GCA_042077695.1	HG03270_pat	HG03270	Hap1	HG03270_Hap1
GCA_042077635.1	HG03583_pat	HG03583	Hap1	HG03583_Hap1
GCA_042076925.1	HG03874_pat	HG03874	Hap1	HG03874_Hap1
GCA_042077605.1	NA18505_pat	NA18505	Hap1	NA18505_Hap1
GCA_042077095.1	NA18508_pat	NA18508	Hap1	NA18508_Hap1
GCA_042077625.1	NA18608_pat	NA18608	Hap1	NA18608_Hap1
GCA_042077615.1	NA18620_pat	NA18620	Hap1	NA18620_Hap1
GCA_042077595.1	NA18952_pat	NA18952	Hap1	NA18952_Hap1
GCA_042077575.1	NA18974_pat	NA18974	Hap1	NA18974_Hap1
GCA_042077505.1	NA18976_pat	NA18976	Hap1	NA18976_Hap1
GCA_042077495.1	NA19036_pat	NA19036	Hap1	NA19036_Hap1
GCA_042076855.1	NA19443_pat	NA19443	Hap1	NA19443_Hap1
GCA_042077085.1	NA19700_pat	NA19700	Hap1	NA19700_Hap1
GCA_042077485.1	NA20870_pat	NA20870	Hap1	NA20870_Hap1
GCA_042077025.1	NA21093_pat	NA21093	Hap1	NA21093_Hap1
GCA_042077005.1	NA21106_pat	NA21106	Hap1	NA21106_Hap1
GCA_042077475.1	NA21110_pat	NA21110	Hap1	NA21110_Hap1
GCA_046043155.1	HG02392_pat	HG02392	Hap1	HG02392_Hap1
GCA_045523115.1	HG02514_pat	HG02514	Hap1	HG02514_Hap1
GCA_045523135.1	HG02841_pat	HG02841	Hap1	HG02841_Hap1
GCA_045524125.1	HG02984_pat	HG02984	Hap1	HG02984_Hap1
GCA_045524245.1	HG03050_pat	HG03050	Hap1	HG03050_Hap1
GCA_045523085.1	NA20799_pat	NA20799	Hap1	NA20799_Hap1
GCA_018504645.2	HG01109_pat	HG01109	Hap1	HG01109_Hap1
GCA_018505855.2	HG02055_pat	HG02055	Hap1	HG02055_Hap1
GCA_018504055.2	HG02080_pat	HG02080	Hap1	HG02080_Hap1
GCA_018505865.2	HG02109_pat	HG02109	Hap1	HG02109_Hap1
GCA_018504075.2	HG02723_pat	HG02723	Hap1	HG02723_Hap1
GCA_018503575.2	HG02818_pat	HG02818	Hap1	HG02818_Hap1
GCA_018506155.2	HG03098_pat	HG03098	Hap1	HG03098_Hap1
GCA_018503245.2	HG03486_pat	HG03486	Hap1	HG03486_Hap1
GCA_018503285.2	NA18906_pat	NA18906	Hap1	NA18906_Hap1
GCA_018504625.2	NA20129_pat	NA20129	Hap1	NA20129_Hap1
GCA_018504665.2	NA21309_pat	NA21309	Hap1	NA21309_Hap1
GCA_018506955.2	HG00733_pat	HG00733	Hap1	HG00733_Hap1
GCA_018504045.2	HG01243_pat	HG01243	Hap1	HG01243_Hap1
GCA_018503265.2	NA19240_pat	NA19240	Hap1	NA19240_Hap1
GCA_018506945.2	HG005_pat	HG005	Hap1	HG005_Hap1
GCA_044165215.1	HG00097_pat	HG00097	Hap1	HG00097_Hap1
GCA_044165645.1	HG00235_pat	HG00235	Hap1	HG00235_Hap1
GCA_044166805.1	HG00253_pat	HG00253	Hap1	HG00253_Hap1
GCA_044166515.1	HG00272_pat	HG00272	Hap1	HG00272_Hap1
GCA_044166575.1	HG00329_pat	HG00329	Hap1	HG00329_Hap1
GCA_044166765.1	HG00344_pat	HG00344	Hap1	HG00344_Hap1
GCA_044167235.1	HG00350_pat	HG00350	Hap1	HG00350_Hap1
GCA_044167135.1	HG01167_pat	HG01167	Hap1	HG01167_Hap1
GCA_044165925.1	HG03369_pat	HG03369	Hap1	HG03369_Hap1
GCA_044166285.1	HG03521_pat	HG03521	Hap1	HG03521_Hap1
GCA_044166095.1	HG03784_pat	HG03784	Hap1	HG03784_Hap1
GCA_044166395.1	NA18565_pat	NA18565	Hap1	NA18565_Hap1
GCA_044165125.1	NA19682_pat	NA19682	Hap1	NA19682_Hap1
GCA_044165085.1	NA19776_pat	NA19776	Hap1	NA19776_Hap1
GCA_044164705.1	NA19835_pat	NA19835	Hap1	NA19835_Hap1
GCA_044164695.1	NA19909_pat	NA19909	Hap1	NA19909_Hap1
GCA_044166585.1	NA20282_pat	NA20282	Hap1	NA20282_Hap1
GCA_044166545.1	NA20346_pat	NA20346	Hap1	NA20346_Hap1
GCA_044166435.1	NA20809_pat	NA20809	Hap1	NA20809_Hap1
GCA_044166535.1	NA20850_pat	NA20850	Hap1	NA20850_Hap1
GCA_044166315.1	NA21102_pat	NA21102	Hap1	NA21102_Hap1
GCA_044164725.1	NA21144_pat	NA21144	Hap1	NA21144_Hap1
GCA_018472715.2	HG00735_pat	HG00735	Hap1	HG00735_Hap1
GCA_043304525.1	HG02155_pat	HG02155	Hap1	HG02155_Hap1
GCA_018469945.2	HG02630_pat	HG02630	Hap1	HG02630_Hap1
GCA_043304645.1	HG03139_pat	HG03139	Hap1	HG03139_Hap1
GCA_043305115.1	HG03470_pat	HG03470	Hap1	HG03470_Hap1
GCA_018472835.2	HG03579_pat	HG03579	Hap1	HG03579_Hap1
GCA_043304975.1	NA20805_pat	NA20805	Hap1	NA20805_Hap1
GCA_041900245.1	HG00408_mat	HG00408	Hap2	HG00408_Hap2
GCA_041900265.1	HG00597_mat	HG00597	Hap2	HG00597_Hap2
GCA_041900275.1	HG01192_mat	HG01192	Hap2	HG01192_Hap2
GCA_041899995.1	HG01261_mat	HG01261	Hap2	HG01261_Hap2
GCA_041900105.1	HG02015_mat	HG02015	Hap2	HG02015_Hap2
GCA_041900015.1	HG02056_mat	HG02056	Hap2	HG02056_Hap2
GCA_041900385.1	HG02129_mat	HG02129	Hap2	HG02129_Hap2
GCA_041900135.1	HG02258_mat	HG02258	Hap2	HG02258_Hap2
GCA_041900115.1	HG03834_mat	HG03834	Hap2	HG03834_Hap2
GCA_045999905.1	HG01975_mat	HG01975	Hap2	HG01975_Hap2
GCA_046000055.1	HG02602_mat	HG02602	Hap2	HG02602_Hap2
GCA_045999925.1	HG04187_mat	HG04187	Hap2	HG04187_Hap2
GCA_045999895.1	NA18879_mat	NA18879	Hap2	NA18879_Hap2
GCA_045999885.1	NA20752_mat	NA20752	Hap2	NA20752_Hap2
GCA_018852585.2	HG02145_mat	HG02145	Hap2	HG02145_Hap2
GCA_042027095.1	HG00609_mat	HG00609	Hap2	HG00609_Hap2
GCA_042028155.1	HG00642_mat	HG00642	Hap2	HG00642_Hap2
GCA_042028935.1	HG00738_mat	HG00738	Hap2	HG00738_Hap2
GCA_042026525.1	HG01099_mat	HG01099	Hap2	HG01099_Hap2
GCA_042028895.1	HG01255_mat	HG01255	Hap2	HG01255_Hap2
GCA_042028165.1	HG01346_mat	HG01346	Hap2	HG01346_Hap2
GCA_042027645.1	HG01433_mat	HG01433	Hap2	HG01433_Hap2
GCA_042027145.1	HG01496_mat	HG01496	Hap2	HG01496_Hap2
GCA_042027665.1	HG01884_mat	HG01884	Hap2	HG01884_Hap2
GCA_042027065.1	HG01981_mat	HG01981	Hap2	HG01981_Hap2
GCA_042027655.1	HG01993_mat	HG01993	Hap2	HG01993_Hap2
GCA_042027105.1	HG02004_mat	HG02004	Hap2	HG02004_Hap2
GCA_042030185.1	HG02027_mat	HG02027	Hap2	HG02027_Hap2
GCA_042030175.1	HG02083_mat	HG02083	Hap2	HG02083_Hap2
GCA_042029645.1	HG02132_mat	HG02132	Hap2	HG02132_Hap2
GCA_042026465.1	HG02280_mat	HG02280	Hap2	HG02280_Hap2
GCA_042026455.1	HG02293_mat	HG02293	Hap2	HG02293_Hap2
GCA_042027635.1	HG02300_mat	HG02300	Hap2	HG02300_Hap2
GCA_042026475.1	HG02451_mat	HG02451	Hap2	HG02451_Hap2
GCA_042029905.1	HG02523_mat	HG02523	Hap2	HG02523_Hap2
GCA_042028975.1	HG02615_mat	HG02615	Hap2	HG02615_Hap2
GCA_042028065.1	HG02647_mat	HG02647	Hap2	HG02647_Hap2
GCA_042029495.1	HG02698_mat	HG02698	Hap2	HG02698_Hap2
GCA_042029535.1	HG03654_mat	HG03654	Hap2	HG03654_Hap2
GCA_042028875.1	HG03669_mat	HG03669	Hap2	HG03669_Hap2
GCA_042029545.1	HG03688_mat	HG03688	Hap2	HG03688_Hap2
GCA_042026535.1	HG03704_mat	HG03704	Hap2	HG03704_Hap2
GCA_042029485.1	HG03710_mat	HG03710	Hap2	HG03710_Hap2
GCA_042028025.1	HG03831_mat	HG03831	Hap2	HG03831_Hap2
GCA_042028145.1	HG03927_mat	HG03927	Hap2	HG03927_Hap2
GCA_042028945.1	HG04115_mat	HG04115	Hap2	HG04115_Hap2
GCA_042027765.1	HG04184_mat	HG04184	Hap2	HG04184_Hap2
GCA_042029385.1	HG04199_mat	HG04199	Hap2	HG04199_Hap2
GCA_046056425.1	HG02738_mat	HG02738	Hap2	HG02738_Hap2
GCA_018472605.2	HG00621_mat	HG00621	Hap2	HG00621_Hap2
GCA_018471095.2	HG00741_mat	HG00741	Hap2	HG00741_Hap2
GCA_018471345.2	HG01106_mat	HG01106	Hap2	HG01106_Hap2
GCA_018471085.2	HG01175_mat	HG01175	Hap2	HG01175_Hap2
GCA_018469405.2	HG01258_mat	HG01258	Hap2	HG01258_Hap2
GCA_018467155.2	HG01891_mat	HG01891	Hap2	HG01891_Hap2
GCA_018471545.2	HG01952_mat	HG01952	Hap2	HG01952_Hap2
GCA_018471535.2	HG02148_mat	HG02148	Hap2	HG02148_Hap2
GCA_018467015.2	HG02486_mat	HG02486	Hap2	HG02486_Hap2
GCA_018466985.2	HG02559_mat	HG02559	Hap2	HG02559_Hap2
GCA_018470445.2	HG02572_mat	HG02572	Hap2	HG02572_Hap2
GCA_018469875.2	HG02622_mat	HG02622	Hap2	HG02622_Hap2
GCA_018470455.2	HG02886_mat	HG02886	Hap2	HG02886_Hap2
GCA_018472855.2	HG03453_mat	HG03453	Hap2	HG03453_Hap2
GCA_018473295.2	HG03540_mat	HG03540	Hap2	HG03540_Hap2
GCA_042031945.1	HG00099_mat	HG00099	Hap2	HG00099_Hap2
GCA_042030705.1	HG00140_mat	HG00140	Hap2	HG00140_Hap2
GCA_042030605.1	HG00280_mat	HG00280	Hap2	HG00280_Hap2
GCA_042031775.1	HG00323_mat	HG00323	Hap2	HG00323_Hap2
GCA_042031805.1	HG02040_mat	HG02040	Hap2	HG02040_Hap2
GCA_042032115.1	HG02165_mat	HG02165	Hap2	HG02165_Hap2
GCA_042030225.1	HG02273_mat	HG02273	Hap2	HG02273_Hap2
GCA_042030255.1	HG02922_mat	HG02922	Hap2	HG02922_Hap2
GCA_042031845.1	HG02965_mat	HG02965	Hap2	HG02965_Hap2
GCA_042030695.1	HG02976_mat	HG02976	Hap2	HG02976_Hap2
GCA_042031485.1	HG03130_mat	HG03130	Hap2	HG03130_Hap2
GCA_042030635.1	HG03195_mat	HG03195	Hap2	HG03195_Hap2
GCA_042031355.1	HG03209_mat	HG03209	Hap2	HG03209_Hap2
GCA_042030975.1	NA18522_mat	NA18522	Hap2	NA18522_Hap2
GCA_042031405.1	NA18747_mat	NA18747	Hap2	NA18747_Hap2
GCA_042031415.1	NA18971_mat	NA18971	Hap2	NA18971_Hap2
GCA_042031955.1	NA18983_mat	NA18983	Hap2	NA18983_Hap2
GCA_042030595.1	NA19043_mat	NA19043	Hap2	NA19043_Hap2
GCA_042032335.1	NA20905_mat	NA20905	Hap2	NA20905_Hap2
GCA_042034145.1	HG01530_mat	HG01530	Hap2	HG01530_Hap2
GCA_042034175.1	HG01784_mat	HG01784	Hap2	HG01784_Hap2
GCA_042034155.1	HG02391_mat	HG02391	Hap2	HG02391_Hap2
GCA_042034105.1	HG03471_mat	HG03471	Hap2	HG03471_Hap2
GCA_042034195.1	HG03742_mat	HG03742	Hap2	HG03742_Hap2
GCA_042034465.1	NA18570_mat	NA18570	Hap2	NA18570_Hap2
GCA_042034505.1	NA19087_mat	NA19087	Hap2	NA19087_Hap2
GCA_042034525.1	NA19185_mat	NA19185	Hap2	NA19185_Hap2
GCA_042034585.1	NA19338_mat	NA19338	Hap2	NA19338_Hap2
GCA_042034575.1	NA19391_mat	NA19391	Hap2	NA19391_Hap2
GCA_042035175.1	NA19468_mat	NA19468	Hap2	NA19468_Hap2
GCA_018471515.2	HG00438_mat	HG00438	Hap2	HG00438_Hap2
GCA_042036935.1	HG00558_mat	HG00558	Hap2	HG00558_Hap2
GCA_042037155.1	HG00639_mat	HG00639	Hap2	HG00639_Hap2
GCA_042037715.1	HG00658_mat	HG00658	Hap2	HG00658_Hap2
GCA_018472565.2	HG00673_mat	HG00673	Hap2	HG00673_Hap2
GCA_018472685.2	HG01071_mat	HG01071	Hap2	HG01071_Hap2
GCA_042037735.1	HG01074_mat	HG01074	Hap2	HG01074_Hap2
GCA_042037225.1	HG01081_mat	HG01081	Hap2	HG01081_Hap2
GCA_018469665.2	HG01123_mat	HG01123	Hap2	HG01123_Hap2
GCA_042037355.1	HG01150_mat	HG01150	Hap2	HG01150_Hap2
GCA_042038095.1	HG01252_mat	HG01252	Hap2	HG01252_Hap2
GCA_018469865.2	HG01358_mat	HG01358	Hap2	HG01358_Hap2
GCA_018469685.2	HG01361_mat	HG01361	Hap2	HG01361_Hap2
GCA_018472695.2	HG01928_mat	HG01928	Hap2	HG01928_Hap2
GCA_042038345.1	HG01934_mat	HG01934	Hap2	HG01934_Hap2
GCA_042037435.1	HG01940_mat	HG01940	Hap2	HG01940_Hap2
GCA_042037445.1	HG01960_mat	HG01960	Hap2	HG01960_Hap2
GCA_042037555.1	HG01969_mat	HG01969	Hap2	HG01969_Hap2
GCA_018472865.2	HG01978_mat	HG01978	Hap2	HG01978_Hap2
GCA_042036105.1	HG02071_mat	HG02071	Hap2	HG02071_Hap2
GCA_042036205.1	HG02074_mat	HG02074	Hap2	HG02074_Hap2
GCA_042036245.1	HG02135_mat	HG02135	Hap2	HG02135_Hap2
GCA_018466845.2	HG02257_mat	HG02257	Hap2	HG02257_Hap2
GCA_042038585.1	HG02668_mat	HG02668	Hap2	HG02668_Hap2
GCA_018469935.2	HG02717_mat	HG02717	Hap2	HG02717_Hap2
GCA_042036255.1	HG02809_mat	HG02809	Hap2	HG02809_Hap2
GCA_042038595.1	HG03017_mat	HG03017	Hap2	HG03017_Hap2
GCA_042037625.1	HG03041_mat	HG03041	Hap2	HG03041_Hap2
GCA_042037705.1	HG03239_mat	HG03239	Hap2	HG03239_Hap2
GCA_018469425.2	HG03516_mat	HG03516	Hap2	HG03516_Hap2
GCA_042036285.1	HG03804_mat	HG03804	Hap2	HG03804_Hap2
GCA_042036275.1	HG03942_mat	HG03942	Hap2	HG03942_Hap2
GCA_042036305.1	HG04157_mat	HG04157	Hap2	HG04157_Hap2
GCA_042036395.1	HG04160_mat	HG04160	Hap2	HG04160_Hap2
GCA_042036425.1	HG04204_mat	HG04204	Hap2	HG04204_Hap2
GCA_042036915.1	HG04228_mat	HG04228	Hap2	HG04228_Hap2
GCA_046116005.1	HG00706_mat	HG00706	Hap2	HG00706_Hap2
GCA_046116015.1	HG03816_mat	HG03816	Hap2	HG03816_Hap2
GCA_042076545.1	HG00423_mat	HG00423	Hap2	HG00423_Hap2
GCA_042076565.1	HG00544_mat	HG00544	Hap2	HG00544_Hap2
GCA_042076535.1	HG01943_mat	HG01943	Hap2	HG01943_Hap2
GCA_042076555.1	HG02735_mat	HG02735	Hap2	HG02735_Hap2
GCA_042076465.1	HG03225_mat	HG03225	Hap2	HG03225_Hap2
GCA_046056495.1	NA19159_mat	NA19159	Hap2	NA19159_Hap2
GCA_042077875.1	HG00126_mat	HG00126	Hap2	HG00126_Hap2
GCA_042077885.1	HG00128_mat	HG00128	Hap2	HG00128_Hap2
GCA_042077855.1	HG00133_mat	HG00133	Hap2	HG00133_Hap2
GCA_042078085.1	HG00146_mat	HG00146	Hap2	HG00146_Hap2
GCA_042077745.1	HG00232_mat	HG00232	Hap2	HG00232_Hap2
GCA_042077735.1	HG00290_mat	HG00290	Hap2	HG00290_Hap2
GCA_042077765.1	HG00320_mat	HG00320	Hap2	HG00320_Hap2
GCA_042076825.1	HG00321_mat	HG00321	Hap2	HG00321_Hap2
GCA_042076735.1	HG01786_mat	HG01786	Hap2	HG01786_Hap2
GCA_042077755.1	HG02178_mat	HG02178	Hap2	HG02178_Hap2
GCA_042076715.1	HG02583_mat	HG02583	Hap2	HG02583_Hap2
GCA_042077465.1	HG03270_mat	HG03270	Hap2	HG03270_Hap2
GCA_042077425.1	HG03583_mat	HG03583	Hap2	HG03583_Hap2
GCA_042076685.1	HG03874_mat	HG03874	Hap2	HG03874_Hap2
GCA_042077345.1	NA18505_mat	NA18505	Hap2	NA18505_Hap2
GCA_042077155.1	NA18508_mat	NA18508	Hap2	NA18508_Hap2
GCA_042077335.1	NA18608_mat	NA18608	Hap2	NA18608_Hap2
GCA_042077305.1	NA18620_mat	NA18620	Hap2	NA18620_Hap2
GCA_042077325.1	NA18952_mat	NA18952	Hap2	NA18952_Hap2
GCA_042077285.1	NA18974_mat	NA18974	Hap2	NA18974_Hap2
GCA_042077165.1	NA18976_mat	NA18976	Hap2	NA18976_Hap2
GCA_042077135.1	NA19036_mat	NA19036	Hap2	NA19036_Hap2
GCA_042076705.1	NA19443_mat	NA19443	Hap2	NA19443_Hap2
GCA_042076885.1	NA19700_mat	NA19700	Hap2	NA19700_Hap2
GCA_042077145.1	NA20870_mat	NA20870	Hap2	NA20870_Hap2
GCA_042076875.1	NA21093_mat	NA21093	Hap2	NA21093_Hap2
GCA_042076865.1	NA21106_mat	NA21106	Hap2	NA21106_Hap2
GCA_042077185.1	NA21110_mat	NA21110	Hap2	NA21110_Hap2
GCA_046043145.1	HG02392_mat	HG02392	Hap2	HG02392_Hap2
GCA_045524175.1	HG02514_mat	HG02514	Hap2	HG02514_Hap2
GCA_045524615.1	HG02841_mat	HG02841	Hap2	HG02841_Hap2
GCA_045524165.1	HG02984_mat	HG02984	Hap2	HG02984_Hap2
GCA_045524515.1	HG03050_mat	HG03050	Hap2	HG03050_Hap2
GCA_045524135.1	NA20799_mat	NA20799	Hap2	NA20799_Hap2
GCA_018504365.2	HG01109_mat	HG01109	Hap2	HG01109_Hap2
GCA_018506125.2	HG02055_mat	HG02055	Hap2	HG02055_Hap2
GCA_018504085.2	HG02080_mat	HG02080	Hap2	HG02080_Hap2
GCA_018505825.2	HG02109_mat	HG02109	Hap2	HG02109_Hap2
GCA_018504065.2	HG02723_mat	HG02723	Hap2	HG02723_Hap2
GCA_018503585.2	HG02818_mat	HG02818	Hap2	HG02818_Hap2
GCA_018506165.2	HG03098_mat	HG03098	Hap2	HG03098_Hap2
GCA_018503525.2	HG03486_mat	HG03486	Hap2	HG03486_Hap2
GCA_018503255.2	NA18906_mat	NA18906	Hap2	NA18906_Hap2
GCA_018504635.2	NA20129_mat	NA20129	Hap2	NA20129_Hap2
GCA_018504655.2	NA21309_mat	NA21309	Hap2	NA21309_Hap2
GCA_018506975.2	HG00733_mat	HG00733	Hap2	HG00733_Hap2
GCA_018504375.2	HG01243_mat	HG01243	Hap2	HG01243_Hap2
GCA_018503275.2	NA19240_mat	NA19240	Hap2	NA19240_Hap2
GCA_018506965.2	HG005_mat	HG005	Hap2	HG005_Hap2
GCA_044164745.1	HG00097_mat	HG00097	Hap2	HG00097_Hap2
GCA_044165735.1	HG00235_mat	HG00235	Hap2	HG00235_Hap2
GCA_044166835.1	HG00253_mat	HG00253	Hap2	HG00253_Hap2
GCA_044166665.1	HG00272_mat	HG00272	Hap2	HG00272_Hap2
GCA_044166465.1	HG00329_mat	HG00329	Hap2	HG00329_Hap2
GCA_044166845.1	HG00344_mat	HG00344	Hap2	HG00344_Hap2
GCA_044167285.1	HG00350_mat	HG00350	Hap2	HG00350_Hap2
GCA_044166785.1	HG01167_mat	HG01167	Hap2	HG01167_Hap2
GCA_044166625.1	HG03369_mat	HG03369	Hap2	HG03369_Hap2
GCA_044166645.1	HG03521_mat	HG03521	Hap2	HG03521_Hap2
GCA_044165595.1	HG03784_mat	HG03784	Hap2	HG03784_Hap2
GCA_044165725.1	NA18565_mat	NA18565	Hap2	NA18565_Hap2
GCA_044164665.1	NA19682_mat	NA19682	Hap2	NA19682_Hap2
GCA_044165205.1	NA19776_mat	NA19776	Hap2	NA19776_Hap2
GCA_044165335.1	NA19835_mat	NA19835	Hap2	NA19835_Hap2
GCA_044165395.1	NA19909_mat	NA19909	Hap2	NA19909_Hap2
GCA_044166065.1	NA20282_mat	NA20282	Hap2	NA20282_Hap2
GCA_044166135.1	NA20346_mat	NA20346	Hap2	NA20346_Hap2
GCA_044166615.1	NA20809_mat	NA20809	Hap2	NA20809_Hap2
GCA_044165565.1	NA20850_mat	NA20850	Hap2	NA20850_Hap2
GCA_044166635.1	NA21102_mat	NA21102	Hap2	NA21102_Hap2
GCA_044165025.1	NA21144_mat	NA21144	Hap2	NA21144_Hap2
GCA_018472765.3	HG00735_mat	HG00735	Hap2	HG00735_Hap2
GCA_043304655.1	HG02155_mat	HG02155	Hap2	HG02155_Hap2
GCA_018469955.2	HG02630_mat	HG02630	Hap2	HG02630_Hap2
GCA_043304535.1	HG03139_mat	HG03139	Hap2	HG03139_Hap2
GCA_043304965.1	HG03470_mat	HG03470	Hap2	HG03470_Hap2
GCA_018472825.2	HG03579_mat	HG03579	Hap2	HG03579_Hap2
GCA_043304515.1	NA20805_mat	NA20805	Hap2	NA20805_Hap2
GCA_046332455.1	NA18940_pat	NA18940	Hap1	NA18940_Hap1
GCA_046332485.1	NA18943_pat	NA18943	Hap1	NA18943_Hap1
GCA_046332435.1	NA18944_pat	NA18944	Hap1	NA18944_Hap1
GCA_046332375.1	NA18945_pat	NA18945	Hap1	NA18945_Hap1
GCA_046332325.1	NA18948_pat	NA18948	Hap1	NA18948_Hap1
GCA_046332285.1	NA18959_pat	NA18959	Hap1	NA18959_Hap1
GCA_046332185.1	NA18960_pat	NA18960	Hap1	NA18960_Hap1
GCA_046332195.1	NA18967_pat	NA18967	Hap1	NA18967_Hap1
GCA_046332135.1	NA18970_pat	NA18970	Hap1	NA18970_Hap1
GCA_046332025.1	NA18982_pat	NA18982	Hap1	NA18982_Hap1
GCA_046332495.1	NA18940_mat	NA18940	Hap2	NA18940_Hap2
GCA_046332475.1	NA18943_mat	NA18943	Hap2	NA18943_Hap2
GCA_046332355.1	NA18944_mat	NA18944	Hap2	NA18944_Hap2
GCA_046332365.1	NA18945_mat	NA18945	Hap2	NA18945_Hap2
GCA_046332305.1	NA18948_mat	NA18948	Hap2	NA18948_Hap2
GCA_046332235.1	NA18959_mat	NA18959	Hap2	NA18959_Hap2
GCA_046332225.1	NA18960_mat	NA18960	Hap2	NA18960_Hap2
GCA_046332145.1	NA18967_mat	NA18967	Hap2	NA18967_Hap2
GCA_046332065.1	NA18970_mat	NA18970	Hap2	NA18970_Hap2
GCA_046332015.1	NA18982_mat	NA18982	Hap2	NA18982_Hap2
GCA_046332035.1	HG06807_pat	HG06807	Hap1	HG06807_Hap1
GCA_046332005.1	HG06807_mat	HG06807	Hap2	HG06807_Hap2
GCA_018852605.3	HG002_pat	HG002	Hap1	HG002_Hap1
GCA_018852615.3	HG002_mat	HG002	Hap2	HG002_Hap2
GCA_046629205.1	NA20503_pat	NA20503	Hap1	NA20503_Hap1
GCA_046629215.1	NA20762_pat	NA20762	Hap1	NA20762_Hap1
GCA_046629225.1	NA20806_mat	NA20806	Hap2	NA20806_Hap2
GCA_046629235.1	NA20806_pat	NA20806	Hap1	NA20806_Hap1
GCA_046629265.1	NA20827_mat	NA20827	Hap2	NA20827_Hap2
GCA_046629565.1	NA20503_mat	NA20503	Hap2	NA20503_Hap2
GCA_046629575.1	NA20762_mat	NA20762	Hap2	NA20762_Hap2
GCA_046629585.1	NA20827_pat	NA20827	Hap1	NA20827_Hap1
