ChildID	N	Sex	Subpopulation	Superpopulation	Production Year	GenomeID	ProdYear	In_HPRC_R2	QC_Pass
HG01891	BB05	female	ACB	AFR	YR1	HG01891	YR1	True	True
HG02486	BB55	male	ACB	AFR	YR1	HG02486	YR1	True	True
HG02559	BB68	female	ACB	AFR	YR1	HG02559	YR1	True	True
HG02257	BB21	female	ACB	AFR	YR1	HG02257	YR1	True	True
HG01358	CLM31	male	CLM	AMR	YR1	HG01358	YR1	True	True
HG01123	CLM02	female	CLM	AMR	YR1	HG01123	YR1	True	True
HG01361	CLM32	female	CLM	AMR	YR1	HG01361	YR1	True	True
HG01258	CLM16	male	CLM	AMR	YR1	HG01258	YR1	True	True
HG03516	NG107	female	ESN	AFR	YR1	HG03516	YR1	True	True
HG02572	GB21	male	GWD	AFR	YR1	HG02572	YR1	True	True
HG02886	GB89	female	GWD	AFR	YR1	HG02886	YR1	True	True
HG02717	GB50	male	GWD	AFR	YR1	HG02717	YR1	True	True
HG02630	GB33	female	GWD	AFR	YR1	HG02630	YR1	True	True
HG02622	GB31	female	GWD	AFR	YR1	HG02622	YR1	True	True
HG03540	GB125	female	GWD	AFR	YR1	HG03540	YR1	True	True
HG03453	SL50	female	MSL	AFR	YR1	HG03453	YR1	True	True
HG03579	SL72	male	MSL	AFR	YR1	HG03579	YR1	True	True
HG03471	SL56i	male	MSL	AFR	YR1	HG03471	YR1	True	True
HG01978	PEL26	female	PEL	AMR	YR1	HG01978	YR1	True	True
HG01928	PEL011	male	PEL	AMR	YR1	HG01928	YR1	True	True
HG02148	PEL39	female	PEL	AMR	YR1	HG02148	YR1	True	True
HG01952	PEL019	male	PEL	AMR	YR1	HG01952	YR1	True	True
HG01106	PR25	male	PUR	AMR	YR1	HG01106	YR1	True	True
HG01175	PR36	female	PUR	AMR	YR1	HG01175	YR1	True	True
HG00741	PR09	female	PUR	AMR	YR1	HG00741	YR1	True	True
HG00735	PR06	female	PUR	AMR	YR1	HG00735	YR1	True	True
HG01071	PR17	female	PUR	AMR	YR1	HG01071	YR1	True	True
HG00621	SH066	male	CHS	EAS	YR1	HG00621	YR1	True	True
HG00438	SH012	female	CHS	EAS	YR1	HG00438	YR1	True	True
HG00673	SH079	male	CHS	EAS	YR1	HG00673	YR1	True	True
HG00423	SH007	female	CHS	EAS	YR2	HG00423	YR2	True	True
HG02027	VN050	male	KHV	EAS	YR2	HG02027	YR2	True	True
HG02083	VN069	male	KHV	EAS	YR2	HG02083	YR2	True	True
HG02523	VN090	female	KHV	EAS	YR2	HG02523	YR2	True	True
HG02132	VN080	male	KHV	EAS	YR2	HG02132	YR2	True	True
HG02135	VN081	male	KHV	EAS	YR2	HG02135	YR2	True	True
HG02074	VN066	male	KHV	EAS	YR2	HG02074	YR2	True	True
HG02071	VN065	male	KHV	EAS	YR2	HG02071	YR2	True	True
HG03942	BD42	male	BEB	SAS	YR2	HG03942	YR2	True	True
HG04187	BD62	male	BEB	SAS	YR2	HG04187	YR2	True	True
HG03804	BD18	female	BEB	SAS	YR2	HG03804	YR2	True	True
HG04160	BD53	male	BEB	SAS	YR2	HG04160	YR2	True	True
HG04157	BD52	male	BEB	SAS	YR2	HG04157	YR2	True	True
HG03816	BD22	female	BEB	SAS	YR2	HG03816	YR2	True	True
HG03710	PK62	male	PJL	SAS	YR2	HG03710	YR2	True	True
HG02602	PK09	male	PJL	SAS	YR2	HG02602	YR2	True	True
HG03654	PK53	male	PJL	SAS	YR2	HG03654	YR2	True	True
HG02698	PK21	male	PJL	SAS	YR2	HG02698	YR2	True	True
HG04228	ST232	male	STU	SAS	YR2	HG04228	YR2	True	True
HG03688	ST016	male	STU	SAS	YR2	HG03688	YR2	True	True
HG04204	ST006	male	STU	SAS	YR2	HG04204	YR2	True	True
HG04199	ST203	male	STU	SAS	YR2	HG04199	YR2	True	True
HG04115	ST111	male	STU	SAS	YR2	HG04115	YR2	True	True
HG02668	GB40	male	GWD	AFR	YR2	HG02668	YR2	True	True
HG00706	SH090	male	CHS	EAS	YR2	HG00706	YR2	True	True
HG00544	SH042	female	CHS	EAS	YR2	HG00544	YR2	True	True
HG03669	PK58	female	PJL	SAS	YR2	HG03669	YR2	True	True
HG01255	CLM15	male	CLM	AMR	YR2	HG01255	YR2	True	True
HG02615	GB29	female	GWD	AFR	YR2	HG02615	YR2	True	True
HG00738	PR07	male	PUR	AMR	YR2	HG00738	YR2	True	True
HG03927	BD37	female	BEB	SAS	YR2	HG03927	YR2	True	True
HG00642	PR04	male	PUR	AMR	YR2	HG00642	YR2	True	True
HG01346	CLM27	female	CLM	AMR	YR2	HG01346	YR2	True	True
HG02647	GB38	male	GWD	AFR	YR2	HG02647	YR2	True	True
HG03831	BD27	female	BEB	SAS	YR2	HG03831	YR2	True	True
HG01993	PEL29	female	PEL	AMR	YR2	HG01993	YR2	True	True
HG01433	CLM43	male	CLM	AMR	YR2	HG01433	YR2	True	True
HG04184	BD61	female	BEB	SAS	YR2	HG04184	YR2	True	True
HG02300	PEL52	female	PEL	AMR	YR2	HG02300	YR2	True	True
HG02738	PK27	male	PJL	SAS	YR2	HG02738	YR2	True	True
HG01884	BB03	female	ACB	AFR	YR2	HG01884	YR2	True	True
HG01496	CLM64	female	CLM	AMR	YR2	HG01496	YR2	True	True
HG00609	SH062	male	CHS	EAS	YR2	HG00609	YR2	True	True
HG01981	PEL27	female	PEL	AMR	YR2	HG01981	YR2	True	True
HG02004	PEL33	female	PEL	AMR	YR2	HG02004	YR2	True	True
HG02280	BB23	female	ACB	AFR	YR2	HG02280	YR2	True	True
HG01099	PR31	male	PUR	AMR	YR2	HG01099	YR2	True	True
HG02809	GB63	female	GWD	AFR	YR2	HG02809	YR2	True	True
HG01943	PEL016	male	PEL	AMR	YR2	HG01943	YR2	True	True
HG02293	PEL51	female	PEL	AMR	YR2	HG02293	YR2	True	True
HG03704	PK60	female	PJL	SAS	YR3	HG03704	YR3	True	True
HG02735	PK26	male	PJL	SAS	YR3	HG02735	YR3	True	True
HG02451	BB46	female	ACB	AFR	YR3	HG02451	YR3	True	True
HG01934	PEL013	male	PEL	AMR	YR2	HG01934	YR2	True	True
HG00597	SH058	female	CHS	EAS	YR3	HG00597	YR3	True	True
HG02015	VN046	male	KHV	EAS	YR3	HG02015	YR3	True	True
HG01261	CLM17	male	CLM	AMR	YR3	HG01261	YR3	True	True
HG01975	PEL25	female	PEL	AMR	YR3	HG01975	YR3	True	True
HG00408	SH002	female	CHS	EAS	YR3	HG00408	YR3	True	True
HG02056	VN060	male	KHV	EAS	YR3	HG02056	YR3	True	True
HG01192	PR40	male	PUR	AMR	YR3	HG01192	YR3	True	True
HG03834	BD28	female	BEB	SAS	YR3	HG03834	YR3	True	True
HG02258	BB22	male	ACB	AFR	YR3	HG02258	YR3	True	True
HG02129	VN079	male	KHV	EAS	YR3	HG02129	YR3	True	True
HG01074	PR18	male	PUR	AMR	YR3	HG01074	YR3	True	True
HG03041	GB110	female	GWD	AFR	YR3	HG03041	YR3	True	True
HG00639	PR03	female	PUR	AMR	YR3	HG00639	YR3	True	True
HG01081	PR21	female	PUR	AMR	YR3	HG01081	YR3	True	True
HG03239	PK41	female	PJL	SAS	YR3	HG03239	YR3	True	True
HG03017	PK35	male	PJL	SAS	YR3	HG03017	YR3	True	True
HG01960	BB11	female	ACB	AFR	YR3	HG01960	YR3	True	True
HG02841	GB74	female	GWD	AFR	YR3	HG02841	YR3	True	True
HG02984	GB97	male	GWD	AFR	YR3	HG02984	YR3	True	True
HG03050	GB113	male	GWD	AFR	YR3	HG03050	YR3	True	True
HG01940	PEL015	female	PEL	AMR	YR3	HG01940	YR3	True	True
HG02514	VN087	male	KHV	EAS	YR3	HG02514	YR3	True	True
HG00658	SH074	male	CHS	EAS	YR3	HG00658	YR3	True	True
HG01150	CLM12	female	CLM	AMR	YR3	HG01150	YR3	True	True
HG01969	PEL023	female	PEL	AMR	YR3	HG01969	YR3	True	True
HG01252	CLM14	male	CLM	AMR	YR3	HG01252	YR3	True	True
HG00558	SH045	female	CHS	EAS	YR3	HG00558	YR3	True	True
HG02273	PEL46	female	PEL	AMR	YR3	HG02273	YR3	True	True
HG03225		male	MSL	AFR	YR3	HG03225	YR3	True	True
HG02965	NG20	male	ESN	AFR	YR3	HG02965	YR3	True	True
HG02976	NG24	female	ESN	AFR	YR3	HG02976	YR3	True	True
HG03195	NG58	female	ESN	AFR	YR3	HG03195	YR3	True	True
HG03139		male	ESN	AFR	YR3	HG03139	YR3	True	True
HG03130	NG36	male	ESN	AFR	YR3	HG03130	YR3	True	True
HG03209		male	MSL	AFR	YR3	HG03209	YR3	True	True
NA18522	Y016	male	YRI	AFR	YR3	NA18522	YR3	True	True
NA19338		female	LWK	AFR	YR3	NA19338	YR3	True	True
NA19391		female	LWK	AFR	YR3	NA19391	YR3	True	True
NA19468		female	LWK	AFR	YR3	NA19468	YR3	True	True
HG03470	SL56	female	MSL	AFR	YR3	HG03470	YR3	True	True
NA18971		male	JPT	EAS	YR3	NA18971	YR3	True	True
HG02155		female	CDX	EAS	YR3	HG02155	YR3	True	True
HG00140		male	GBR	EUR	YR3	HG00140	YR3	True	True
HG00323		female	FIN	EUR	YR3	HG00323	YR3	True	True
HG02922	NG06	female	ESN	AFR	YR3	HG02922	YR3	True	True
HG02165		female	CDX	EAS	YR3	HG02165	YR3	True	True
NA18983		male	JPT	EAS	YR3	NA18983	YR3	True	True
HG02040		male	KHV	EAS	YR3	HG02040	YR3	True	True
NA18747		male	CHB	EAS	YR3	NA18747	YR3	True	True
NA19159	Y056	female	YRI	AFR	YR3	NA19159	YR3	True	True
NA19185	Y039	female	YRI	AFR	YR3	NA19185	YR3	True	True
HG02391		male	CDX	EAS	YR3	HG02391	YR3	True	True
NA18570		female	CHB	EAS	YR3	NA18570	YR3	True	True
NA19087		female	JPT	EAS	YR3	NA19087	YR3	True	True
NA20805		male	TSI	EUR	YR3	NA20805	YR3	True	True
HG00099		female	GBR	EUR	YR3	HG00099	YR3	True	True
HG00280		male	FIN	EUR	YR3	HG00280	YR3	True	True
NA20752		male	TSI	EUR	YR3	NA20752	YR3	True	True
NA20905		male	GIH	SAS	YR3	NA20905	YR3	True	True
HG01530		male	IBS	EUR	YR3	HG01530	YR3	True	True
HG01784		female	IBS	EUR	YR3	HG01784	YR3	True	True
NA20799		female	TSI	EUR	YR3	NA20799	YR3	True	True
HG03742		male	ITU	SAS	YR3	HG03742	YR3	True	True
NA19043 (replacement GM19454)		male	LWK	AFR	YR3	NA19043	YR3	True	True
NA19909		female	ASW	AFR	YR4	NA19909	YR4	True	True
NA20282		female	ASW	AFR	YR4	NA20282	YR4	True	True
NA20346		male	ASW	AFR	YR4	NA20346	YR4	True	True
NA19776		female	MXL	AMR	YR4	NA19776	YR4	True	True
NA19682		male	MXL	AMR	YR4	NA19682	YR4	True	True
NA19700		male	ASW	AFR	YR4	NA19700	YR4	True	True
HG02392		male	CDX	EAS	YR4	HG02392	YR4	True	True
HG02178		female	CDX	EAS	YR4	HG02178	YR4	True	True
NA18620		male	CHB	EAS	YR4	NA18620	YR4	True	True
NA18608		male	CHB	EAS	YR4	NA18608	YR4	True	True
NA18974		male	JPT	EAS	YR4	NA18974	YR4	True	True
NA18952		male	JPT	EAS	YR4	NA18952	YR4	True	True
NA18976		female	JPT	EAS	YR4	NA18976	YR4	True	True
NA20870		male	GIH	SAS	YR4	NA20870	YR4	True	True
NA21110		female	GIH	SAS	YR4	NA21110	YR4	True	True
HG03874		female	ITU	SAS	YR4	HG03874	YR4	True	True
NA18508		female	YRI	AFR	YR4	NA18508	YR4	True	True
NA21093		male	GIH	SAS	YR4	NA21093	YR4	True	True
NA21106		female	GIH	SAS	YR4	NA21106	YR4	True	True
NA20503		female	TSI	EUR	YR4	NA20503	YR4	True	True
HG03270		female	ESN	AFR	YR4	HG03270	YR4	True	True
HG00320		female	FIN	EUR	YR4	HG00320	YR4	True	True
HG01786		female	IBS	EUR	YR4	HG01786	YR4	True	True
HG00146		female	GBR	EUR	YR4	HG00146	YR4	True	True
HG00232		female	GBR	EUR	YR4	HG00232	YR4	True	True
HG00321		male	FIN	EUR	YR4	HG00321	YR4	True	True
HG00126		male	GBR	EUR	YR4	HG00126	YR4	True	True
HG00133		female	GBR	EUR	YR4	HG00133	YR4	True	True
HG00290		male	FIN	EUR	YR4	HG00290	YR4	True	True
NA19443		male	LWK	AFR	YR4	NA19443	YR4	True	True
HG00128		female	GBR	EUR	YR4	HG00128	YR4	True	True
NA19036		female	LWK	AFR	YR4	NA19036	YR4	True	True
NA18505	Y005	female	YRI	AFR	YR4	NA18505	YR4	True	True
HG03583	SL73	female	MSL	AFR	YR4	HG03583	YR4	True	True
HG00329		male	FIN	EUR	YR4	HG00329	YR4	True	True
HG03784		female	ITU	SAS	YR4	HG03784	YR4	True	True
NA20806		male	TSI	EUR	YR4	NA20806	YR4	True	True
NA21144		female	GIH	SAS	YR4	NA21144	YR4	True	True
NA20827		male	TSI	EUR	YR4	NA20827	YR4	True	True
HG03521	NG109	male	ESN	AFR	YR4	HG03521	YR4	True	True
NA20762		male	TSI	EUR	YR4	NA20762	YR4	True	True
HG00344		female	FIN	EUR	YR4	HG00344	YR4	True	True
HG00350		female	FIN	EUR	YR4	HG00350	YR4	True	True
HG02583	GB23	female	GWD	AFR	YR4	HG02583	YR4	True	True
HG00272		female	FIN	EUR	YR4	HG00272	YR4	True	True
HG00097		female	GBR	EUR	YR4	HG00097	YR4	True	True
NA18879		male	YRI	AFR	YR4	NA18879	YR4	True	True
NA20850		male	GIH	SAS	YR4	NA20850	YR4	True	True
NA19835		female	ASW	AFR	YR4	NA19835	YR4	True	True
HG00253		female	GBR	EUR	YR4	HG00253	YR4	True	True
HG00235		female	GBR	EUR	YR4	HG00235	YR4	True	True
HG03369		female	ESN	AFR	YR4	HG03369	YR4	True	True
NA18565		female	CHB	EAS	YR4	NA18565	YR4	True	True
NA20809		male	TSI	EUR	YR4	NA20809	YR4	True	True
NA21102		female	GIH	SAS	YR4	NA21102	YR4	True	True
HG01167		male	PUR	AMR	YR4	HG01167	YR4	True	True
NA18967		male	JPT	EAS	YR5	NA18967	YR5	True	True
NA18970		male	JPT	EAS	YR5	NA18970	YR5	True	True
