GenHapID	GenomeID	Haplotype	Subpopulation	Superpopulation	Sex	ProdYear
HG01891_Hap1	HG01891	Hap1	ACB	AFR	female	YR1
HG01891_Hap2	HG01891	Hap2	ACB	AFR	female	YR1
HG02486_Hap1	HG02486	Hap1	ACB	AFR	male	YR1
HG02486_Hap2	HG02486	Hap2	ACB	AFR	male	YR1
HG02559_Hap1	HG02559	Hap1	ACB	AFR	female	YR1
HG02559_Hap2	HG02559	Hap2	ACB	AFR	female	YR1
HG02257_Hap1	HG02257	Hap1	ACB	AFR	female	YR1
HG02257_Hap2	HG02257	Hap2	ACB	AFR	female	YR1
HG01358_Hap1	HG01358	Hap1	CLM	AMR	male	YR1
HG01358_Hap2	HG01358	Hap2	CLM	AMR	male	YR1
HG01123_Hap1	HG01123	Hap1	CLM	AMR	female	YR1
HG01123_Hap2	HG01123	Hap2	CLM	AMR	female	YR1
HG01361_Hap1	HG01361	Hap1	CLM	AMR	female	YR1
HG01361_Hap2	HG01361	Hap2	CLM	AMR	female	YR1
HG01258_Hap1	HG01258	Hap1	CLM	AMR	male	YR1
HG01258_Hap2	HG01258	Hap2	CLM	AMR	male	YR1
HG03516_Hap1	HG03516	Hap1	ESN	AFR	female	YR1
HG03516_Hap2	HG03516	Hap2	ESN	AFR	female	YR1
HG02572_Hap1	HG02572	Hap1	GWD	AFR	male	YR1
HG02572_Hap2	HG02572	Hap2	GWD	AFR	male	YR1
HG02886_Hap1	HG02886	Hap1	GWD	AFR	female	YR1
HG02886_Hap2	HG02886	Hap2	GWD	AFR	female	YR1
HG02717_Hap1	HG02717	Hap1	GWD	AFR	male	YR1
HG02717_Hap2	HG02717	Hap2	GWD	AFR	male	YR1
HG02630_Hap1	HG02630	Hap1	GWD	AFR	female	YR1
HG02630_Hap2	HG02630	Hap2	GWD	AFR	female	YR1
HG02622_Hap1	HG02622	Hap1	GWD	AFR	female	YR1
HG02622_Hap2	HG02622	Hap2	GWD	AFR	female	YR1
HG03540_Hap1	HG03540	Hap1	GWD	AFR	female	YR1
HG03540_Hap2	HG03540	Hap2	GWD	AFR	female	YR1
HG03453_Hap1	HG03453	Hap1	MSL	AFR	female	YR1
HG03453_Hap2	HG03453	Hap2	MSL	AFR	female	YR1
HG03579_Hap1	HG03579	Hap1	MSL	AFR	male	YR1
HG03579_Hap2	HG03579	Hap2	MSL	AFR	male	YR1
HG03471_Hap1	HG03471	Hap1	MSL	AFR	male	YR1
HG03471_Hap2	HG03471	Hap2	MSL	AFR	male	YR1
HG01978_Hap1	HG01978	Hap1	PEL	AMR	female	YR1
HG01978_Hap2	HG01978	Hap2	PEL	AMR	female	YR1
HG01928_Hap1	HG01928	Hap1	PEL	AMR	male	YR1
HG01928_Hap2	HG01928	Hap2	PEL	AMR	male	YR1
HG02148_Hap1	HG02148	Hap1	PEL	AMR	female	YR1
HG02148_Hap2	HG02148	Hap2	PEL	AMR	female	YR1
HG01952_Hap1	HG01952	Hap1	PEL	AMR	male	YR1
HG01952_Hap2	HG01952	Hap2	PEL	AMR	male	YR1
HG01106_Hap1	HG01106	Hap1	PUR	AMR	male	YR1
HG01106_Hap2	HG01106	Hap2	PUR	AMR	male	YR1
HG01175_Hap1	HG01175	Hap1	PUR	AMR	female	YR1
HG01175_Hap2	HG01175	Hap2	PUR	AMR	female	YR1
HG00741_Hap1	HG00741	Hap1	PUR	AMR	female	YR1
HG00741_Hap2	HG00741	Hap2	PUR	AMR	female	YR1
HG00735_Hap1	HG00735	Hap1	PUR	AMR	female	YR1
HG00735_Hap2	HG00735	Hap2	PUR	AMR	female	YR1
HG01071_Hap1	HG01071	Hap1	PUR	AMR	female	YR1
HG01071_Hap2	HG01071	Hap2	PUR	AMR	female	YR1
HG00621_Hap1	HG00621	Hap1	CHS	EAS	male	YR1
HG00621_Hap2	HG00621	Hap2	CHS	EAS	male	YR1
HG00438_Hap1	HG00438	Hap1	CHS	EAS	female	YR1
HG00438_Hap2	HG00438	Hap2	CHS	EAS	female	YR1
HG00673_Hap1	HG00673	Hap1	CHS	EAS	male	YR1
HG00673_Hap2	HG00673	Hap2	CHS	EAS	male	YR1
HG00423_Hap1	HG00423	Hap1	CHS	EAS	female	YR2
HG00423_Hap2	HG00423	Hap2	CHS	EAS	female	YR2
HG02027_Hap1	HG02027	Hap1	KHV	EAS	male	YR2
HG02027_Hap2	HG02027	Hap2	KHV	EAS	male	YR2
HG02083_Hap1	HG02083	Hap1	KHV	EAS	male	YR2
HG02083_Hap2	HG02083	Hap2	KHV	EAS	male	YR2
HG02523_Hap1	HG02523	Hap1	KHV	EAS	female	YR2
HG02523_Hap2	HG02523	Hap2	KHV	EAS	female	YR2
HG02132_Hap1	HG02132	Hap1	KHV	EAS	male	YR2
HG02132_Hap2	HG02132	Hap2	KHV	EAS	male	YR2
HG02135_Hap1	HG02135	Hap1	KHV	EAS	male	YR2
HG02135_Hap2	HG02135	Hap2	KHV	EAS	male	YR2
HG02074_Hap1	HG02074	Hap1	KHV	EAS	male	YR2
HG02074_Hap2	HG02074	Hap2	KHV	EAS	male	YR2
HG02071_Hap1	HG02071	Hap1	KHV	EAS	male	YR2
HG02071_Hap2	HG02071	Hap2	KHV	EAS	male	YR2
HG03942_Hap1	HG03942	Hap1	BEB	SAS	male	YR2
HG03942_Hap2	HG03942	Hap2	BEB	SAS	male	YR2
HG04187_Hap1	HG04187	Hap1	BEB	SAS	male	YR2
HG04187_Hap2	HG04187	Hap2	BEB	SAS	male	YR2
HG03804_Hap1	HG03804	Hap1	BEB	SAS	female	YR2
HG03804_Hap2	HG03804	Hap2	BEB	SAS	female	YR2
HG04160_Hap1	HG04160	Hap1	BEB	SAS	male	YR2
HG04160_Hap2	HG04160	Hap2	BEB	SAS	male	YR2
HG04157_Hap1	HG04157	Hap1	BEB	SAS	male	YR2
HG04157_Hap2	HG04157	Hap2	BEB	SAS	male	YR2
HG03816_Hap1	HG03816	Hap1	BEB	SAS	female	YR2
HG03816_Hap2	HG03816	Hap2	BEB	SAS	female	YR2
HG03710_Hap1	HG03710	Hap1	PJL	SAS	male	YR2
HG03710_Hap2	HG03710	Hap2	PJL	SAS	male	YR2
HG02602_Hap1	HG02602	Hap1	PJL	SAS	male	YR2
HG02602_Hap2	HG02602	Hap2	PJL	SAS	male	YR2
HG03654_Hap1	HG03654	Hap1	PJL	SAS	male	YR2
HG03654_Hap2	HG03654	Hap2	PJL	SAS	male	YR2
HG02698_Hap1	HG02698	Hap1	PJL	SAS	male	YR2
HG02698_Hap2	HG02698	Hap2	PJL	SAS	male	YR2
HG04228_Hap1	HG04228	Hap1	STU	SAS	male	YR2
HG04228_Hap2	HG04228	Hap2	STU	SAS	male	YR2
HG03688_Hap1	HG03688	Hap1	STU	SAS	male	YR2
HG03688_Hap2	HG03688	Hap2	STU	SAS	male	YR2
HG04204_Hap1	HG04204	Hap1	STU	SAS	male	YR2
HG04204_Hap2	HG04204	Hap2	STU	SAS	male	YR2
HG04199_Hap1	HG04199	Hap1	STU	SAS	male	YR2
HG04199_Hap2	HG04199	Hap2	STU	SAS	male	YR2
HG04115_Hap1	HG04115	Hap1	STU	SAS	male	YR2
HG04115_Hap2	HG04115	Hap2	STU	SAS	male	YR2
HG02668_Hap1	HG02668	Hap1	GWD	AFR	male	YR2
HG02668_Hap2	HG02668	Hap2	GWD	AFR	male	YR2
HG00706_Hap1	HG00706	Hap1	CHS	EAS	male	YR2
HG00706_Hap2	HG00706	Hap2	CHS	EAS	male	YR2
HG00544_Hap1	HG00544	Hap1	CHS	EAS	female	YR2
HG00544_Hap2	HG00544	Hap2	CHS	EAS	female	YR2
HG03669_Hap1	HG03669	Hap1	PJL	SAS	female	YR2
HG03669_Hap2	HG03669	Hap2	PJL	SAS	female	YR2
HG01255_Hap1	HG01255	Hap1	CLM	AMR	male	YR2
HG01255_Hap2	HG01255	Hap2	CLM	AMR	male	YR2
HG02615_Hap1	HG02615	Hap1	GWD	AFR	female	YR2
HG02615_Hap2	HG02615	Hap2	GWD	AFR	female	YR2
HG00738_Hap1	HG00738	Hap1	PUR	AMR	male	YR2
HG00738_Hap2	HG00738	Hap2	PUR	AMR	male	YR2
HG03927_Hap1	HG03927	Hap1	BEB	SAS	female	YR2
HG03927_Hap2	HG03927	Hap2	BEB	SAS	female	YR2
HG00642_Hap1	HG00642	Hap1	PUR	AMR	male	YR2
HG00642_Hap2	HG00642	Hap2	PUR	AMR	male	YR2
HG01346_Hap1	HG01346	Hap1	CLM	AMR	female	YR2
HG01346_Hap2	HG01346	Hap2	CLM	AMR	female	YR2
HG02647_Hap1	HG02647	Hap1	GWD	AFR	male	YR2
HG02647_Hap2	HG02647	Hap2	GWD	AFR	male	YR2
HG03831_Hap1	HG03831	Hap1	BEB	SAS	female	YR2
HG03831_Hap2	HG03831	Hap2	BEB	SAS	female	YR2
HG01993_Hap1	HG01993	Hap1	PEL	AMR	female	YR2
HG01993_Hap2	HG01993	Hap2	PEL	AMR	female	YR2
HG01433_Hap1	HG01433	Hap1	CLM	AMR	male	YR2
HG01433_Hap2	HG01433	Hap2	CLM	AMR	male	YR2
HG04184_Hap1	HG04184	Hap1	BEB	SAS	female	YR2
HG04184_Hap2	HG04184	Hap2	BEB	SAS	female	YR2
HG02300_Hap1	HG02300	Hap1	PEL	AMR	female	YR2
HG02300_Hap2	HG02300	Hap2	PEL	AMR	female	YR2
HG02738_Hap1	HG02738	Hap1	PJL	SAS	male	YR2
HG02738_Hap2	HG02738	Hap2	PJL	SAS	male	YR2
HG01884_Hap1	HG01884	Hap1	ACB	AFR	female	YR2
HG01884_Hap2	HG01884	Hap2	ACB	AFR	female	YR2
HG01496_Hap1	HG01496	Hap1	CLM	AMR	female	YR2
HG01496_Hap2	HG01496	Hap2	CLM	AMR	female	YR2
HG00609_Hap1	HG00609	Hap1	CHS	EAS	male	YR2
HG00609_Hap2	HG00609	Hap2	CHS	EAS	male	YR2
HG01981_Hap1	HG01981	Hap1	PEL	AMR	female	YR2
HG01981_Hap2	HG01981	Hap2	PEL	AMR	female	YR2
HG02004_Hap1	HG02004	Hap1	PEL	AMR	female	YR2
HG02004_Hap2	HG02004	Hap2	PEL	AMR	female	YR2
HG02280_Hap1	HG02280	Hap1	ACB	AFR	female	YR2
HG02280_Hap2	HG02280	Hap2	ACB	AFR	female	YR2
HG01099_Hap1	HG01099	Hap1	PUR	AMR	male	YR2
HG01099_Hap2	HG01099	Hap2	PUR	AMR	male	YR2
HG02809_Hap1	HG02809	Hap1	GWD	AFR	female	YR2
HG02809_Hap2	HG02809	Hap2	GWD	AFR	female	YR2
HG01943_Hap1	HG01943	Hap1	PEL	AMR	male	YR2
HG01943_Hap2	HG01943	Hap2	PEL	AMR	male	YR2
HG02293_Hap1	HG02293	Hap1	PEL	AMR	female	YR2
HG02293_Hap2	HG02293	Hap2	PEL	AMR	female	YR2
HG03704_Hap1	HG03704	Hap1	PJL	SAS	female	YR3
HG03704_Hap2	HG03704	Hap2	PJL	SAS	female	YR3
HG02735_Hap1	HG02735	Hap1	PJL	SAS	male	YR3
HG02735_Hap2	HG02735	Hap2	PJL	SAS	male	YR3
HG02451_Hap1	HG02451	Hap1	ACB	AFR	female	YR3
HG02451_Hap2	HG02451	Hap2	ACB	AFR	female	YR3
HG01934_Hap1	HG01934	Hap1	PEL	AMR	male	YR2
HG01934_Hap2	HG01934	Hap2	PEL	AMR	male	YR2
HG00597_Hap1	HG00597	Hap1	CHS	EAS	female	YR3
HG00597_Hap2	HG00597	Hap2	CHS	EAS	female	YR3
HG02015_Hap1	HG02015	Hap1	KHV	EAS	male	YR3
HG02015_Hap2	HG02015	Hap2	KHV	EAS	male	YR3
HG01261_Hap1	HG01261	Hap1	CLM	AMR	male	YR3
HG01261_Hap2	HG01261	Hap2	CLM	AMR	male	YR3
HG01975_Hap1	HG01975	Hap1	PEL	AMR	female	YR3
HG01975_Hap2	HG01975	Hap2	PEL	AMR	female	YR3
HG00408_Hap1	HG00408	Hap1	CHS	EAS	female	YR3
HG00408_Hap2	HG00408	Hap2	CHS	EAS	female	YR3
HG02056_Hap1	HG02056	Hap1	KHV	EAS	male	YR3
HG02056_Hap2	HG02056	Hap2	KHV	EAS	male	YR3
HG01192_Hap1	HG01192	Hap1	PUR	AMR	male	YR3
HG01192_Hap2	HG01192	Hap2	PUR	AMR	male	YR3
HG03834_Hap1	HG03834	Hap1	BEB	SAS	female	YR3
HG03834_Hap2	HG03834	Hap2	BEB	SAS	female	YR3
HG02258_Hap1	HG02258	Hap1	ACB	AFR	male	YR3
HG02258_Hap2	HG02258	Hap2	ACB	AFR	male	YR3
HG02129_Hap1	HG02129	Hap1	KHV	EAS	male	YR3
HG02129_Hap2	HG02129	Hap2	KHV	EAS	male	YR3
HG01074_Hap1	HG01074	Hap1	PUR	AMR	male	YR3
HG01074_Hap2	HG01074	Hap2	PUR	AMR	male	YR3
HG03041_Hap1	HG03041	Hap1	GWD	AFR	female	YR3
HG03041_Hap2	HG03041	Hap2	GWD	AFR	female	YR3
HG00639_Hap1	HG00639	Hap1	PUR	AMR	female	YR3
HG00639_Hap2	HG00639	Hap2	PUR	AMR	female	YR3
HG01081_Hap1	HG01081	Hap1	PUR	AMR	female	YR3
HG01081_Hap2	HG01081	Hap2	PUR	AMR	female	YR3
HG03239_Hap1	HG03239	Hap1	PJL	SAS	female	YR3
HG03239_Hap2	HG03239	Hap2	PJL	SAS	female	YR3
HG03017_Hap1	HG03017	Hap1	PJL	SAS	male	YR3
HG03017_Hap2	HG03017	Hap2	PJL	SAS	male	YR3
HG01960_Hap1	HG01960	Hap1	ACB	AFR	female	YR3
HG01960_Hap2	HG01960	Hap2	ACB	AFR	female	YR3
HG02841_Hap1	HG02841	Hap1	GWD	AFR	female	YR3
HG02841_Hap2	HG02841	Hap2	GWD	AFR	female	YR3
HG02984_Hap1	HG02984	Hap1	GWD	AFR	male	YR3
HG02984_Hap2	HG02984	Hap2	GWD	AFR	male	YR3
HG03050_Hap1	HG03050	Hap1	GWD	AFR	male	YR3
HG03050_Hap2	HG03050	Hap2	GWD	AFR	male	YR3
HG01940_Hap1	HG01940	Hap1	PEL	AMR	female	YR3
HG01940_Hap2	HG01940	Hap2	PEL	AMR	female	YR3
HG02514_Hap1	HG02514	Hap1	KHV	EAS	male	YR3
HG02514_Hap2	HG02514	Hap2	KHV	EAS	male	YR3
HG00658_Hap1	HG00658	Hap1	CHS	EAS	male	YR3
HG00658_Hap2	HG00658	Hap2	CHS	EAS	male	YR3
HG01150_Hap1	HG01150	Hap1	CLM	AMR	female	YR3
HG01150_Hap2	HG01150	Hap2	CLM	AMR	female	YR3
HG01969_Hap1	HG01969	Hap1	PEL	AMR	female	YR3
HG01969_Hap2	HG01969	Hap2	PEL	AMR	female	YR3
HG01252_Hap1	HG01252	Hap1	CLM	AMR	male	YR3
HG01252_Hap2	HG01252	Hap2	CLM	AMR	male	YR3
HG00558_Hap1	HG00558	Hap1	CHS	EAS	female	YR3
HG00558_Hap2	HG00558	Hap2	CHS	EAS	female	YR3
HG02273_Hap1	HG02273	Hap1	PEL	AMR	female	YR3
HG02273_Hap2	HG02273	Hap2	PEL	AMR	female	YR3
HG03225_Hap1	HG03225	Hap1	MSL	AFR	male	YR3
HG03225_Hap2	HG03225	Hap2	MSL	AFR	male	YR3
HG02965_Hap1	HG02965	Hap1	ESN	AFR	male	YR3
HG02965_Hap2	HG02965	Hap2	ESN	AFR	male	YR3
HG02976_Hap1	HG02976	Hap1	ESN	AFR	female	YR3
HG02976_Hap2	HG02976	Hap2	ESN	AFR	female	YR3
HG03195_Hap1	HG03195	Hap1	ESN	AFR	female	YR3
HG03195_Hap2	HG03195	Hap2	ESN	AFR	female	YR3
HG03139_Hap1	HG03139	Hap1	ESN	AFR	male	YR3
HG03139_Hap2	HG03139	Hap2	ESN	AFR	male	YR3
HG03130_Hap1	HG03130	Hap1	ESN	AFR	male	YR3
HG03130_Hap2	HG03130	Hap2	ESN	AFR	male	YR3
HG03209_Hap1	HG03209	Hap1	MSL	AFR	male	YR3
HG03209_Hap2	HG03209	Hap2	MSL	AFR	male	YR3
NA18522_Hap1	NA18522	Hap1	YRI	AFR	male	YR3
NA18522_Hap2	NA18522	Hap2	YRI	AFR	male	YR3
NA19338_Hap1	NA19338	Hap1	LWK	AFR	female	YR3
NA19338_Hap2	NA19338	Hap2	LWK	AFR	female	YR3
NA19391_Hap1	NA19391	Hap1	LWK	AFR	female	YR3
NA19391_Hap2	NA19391	Hap2	LWK	AFR	female	YR3
NA19468_Hap1	NA19468	Hap1	LWK	AFR	female	YR3
NA19468_Hap2	NA19468	Hap2	LWK	AFR	female	YR3
HG03470_Hap1	HG03470	Hap1	MSL	AFR	female	YR3
HG03470_Hap2	HG03470	Hap2	MSL	AFR	female	YR3
NA18971_Hap1	NA18971	Hap1	JPT	EAS	male	YR3
NA18971_Hap2	NA18971	Hap2	JPT	EAS	male	YR3
HG02155_Hap1	HG02155	Hap1	CDX	EAS	female	YR3
HG02155_Hap2	HG02155	Hap2	CDX	EAS	female	YR3
HG00140_Hap1	HG00140	Hap1	GBR	EUR	male	YR3
HG00140_Hap2	HG00140	Hap2	GBR	EUR	male	YR3
HG00323_Hap1	HG00323	Hap1	FIN	EUR	female	YR3
HG00323_Hap2	HG00323	Hap2	FIN	EUR	female	YR3
HG02922_Hap1	HG02922	Hap1	ESN	AFR	female	YR3
HG02922_Hap2	HG02922	Hap2	ESN	AFR	female	YR3
HG02165_Hap1	HG02165	Hap1	CDX	EAS	female	YR3
HG02165_Hap2	HG02165	Hap2	CDX	EAS	female	YR3
NA18983_Hap1	NA18983	Hap1	JPT	EAS	male	YR3
NA18983_Hap2	NA18983	Hap2	JPT	EAS	male	YR3
HG02040_Hap1	HG02040	Hap1	KHV	EAS	male	YR3
HG02040_Hap2	HG02040	Hap2	KHV	EAS	male	YR3
NA18747_Hap1	NA18747	Hap1	CHB	EAS	male	YR3
NA18747_Hap2	NA18747	Hap2	CHB	EAS	male	YR3
NA19159_Hap1	NA19159	Hap1	YRI	AFR	female	YR3
NA19159_Hap2	NA19159	Hap2	YRI	AFR	female	YR3
NA19185_Hap1	NA19185	Hap1	YRI	AFR	female	YR3
NA19185_Hap2	NA19185	Hap2	YRI	AFR	female	YR3
HG02391_Hap1	HG02391	Hap1	CDX	EAS	male	YR3
HG02391_Hap2	HG02391	Hap2	CDX	EAS	male	YR3
NA18570_Hap1	NA18570	Hap1	CHB	EAS	female	YR3
NA18570_Hap2	NA18570	Hap2	CHB	EAS	female	YR3
NA19087_Hap1	NA19087	Hap1	JPT	EAS	female	YR3
NA19087_Hap2	NA19087	Hap2	JPT	EAS	female	YR3
NA20805_Hap1	NA20805	Hap1	TSI	EUR	male	YR3
NA20805_Hap2	NA20805	Hap2	TSI	EUR	male	YR3
HG00099_Hap1	HG00099	Hap1	GBR	EUR	female	YR3
HG00099_Hap2	HG00099	Hap2	GBR	EUR	female	YR3
HG00280_Hap1	HG00280	Hap1	FIN	EUR	male	YR3
HG00280_Hap2	HG00280	Hap2	FIN	EUR	male	YR3
NA20752_Hap1	NA20752	Hap1	TSI	EUR	male	YR3
NA20752_Hap2	NA20752	Hap2	TSI	EUR	male	YR3
NA20905_Hap1	NA20905	Hap1	GIH	SAS	male	YR3
NA20905_Hap2	NA20905	Hap2	GIH	SAS	male	YR3
HG01530_Hap1	HG01530	Hap1	IBS	EUR	male	YR3
HG01530_Hap2	HG01530	Hap2	IBS	EUR	male	YR3
HG01784_Hap1	HG01784	Hap1	IBS	EUR	female	YR3
HG01784_Hap2	HG01784	Hap2	IBS	EUR	female	YR3
NA20799_Hap1	NA20799	Hap1	TSI	EUR	female	YR3
NA20799_Hap2	NA20799	Hap2	TSI	EUR	female	YR3
HG03742_Hap1	HG03742	Hap1	ITU	SAS	male	YR3
HG03742_Hap2	HG03742	Hap2	ITU	SAS	male	YR3
NA19043_Hap1	NA19043	Hap1	LWK	AFR	male	YR3
NA19043_Hap2	NA19043	Hap2	LWK	AFR	male	YR3
NA19909_Hap1	NA19909	Hap1	ASW	AFR	female	YR4
NA19909_Hap2	NA19909	Hap2	ASW	AFR	female	YR4
NA20282_Hap1	NA20282	Hap1	ASW	AFR	female	YR4
NA20282_Hap2	NA20282	Hap2	ASW	AFR	female	YR4
NA20346_Hap1	NA20346	Hap1	ASW	AFR	male	YR4
NA20346_Hap2	NA20346	Hap2	ASW	AFR	male	YR4
NA19776_Hap1	NA19776	Hap1	MXL	AMR	female	YR4
NA19776_Hap2	NA19776	Hap2	MXL	AMR	female	YR4
NA19682_Hap1	NA19682	Hap1	MXL	AMR	male	YR4
NA19682_Hap2	NA19682	Hap2	MXL	AMR	male	YR4
NA19700_Hap1	NA19700	Hap1	ASW	AFR	male	YR4
NA19700_Hap2	NA19700	Hap2	ASW	AFR	male	YR4
HG02392_Hap1	HG02392	Hap1	CDX	EAS	male	YR4
HG02392_Hap2	HG02392	Hap2	CDX	EAS	male	YR4
HG02178_Hap1	HG02178	Hap1	CDX	EAS	female	YR4
HG02178_Hap2	HG02178	Hap2	CDX	EAS	female	YR4
NA18620_Hap1	NA18620	Hap1	CHB	EAS	male	YR4
NA18620_Hap2	NA18620	Hap2	CHB	EAS	male	YR4
NA18608_Hap1	NA18608	Hap1	CHB	EAS	male	YR4
NA18608_Hap2	NA18608	Hap2	CHB	EAS	male	YR4
NA18974_Hap1	NA18974	Hap1	JPT	EAS	male	YR4
NA18974_Hap2	NA18974	Hap2	JPT	EAS	male	YR4
NA18952_Hap1	NA18952	Hap1	JPT	EAS	male	YR4
NA18952_Hap2	NA18952	Hap2	JPT	EAS	male	YR4
NA18976_Hap1	NA18976	Hap1	JPT	EAS	female	YR4
NA18976_Hap2	NA18976	Hap2	JPT	EAS	female	YR4
NA20870_Hap1	NA20870	Hap1	GIH	SAS	male	YR4
NA20870_Hap2	NA20870	Hap2	GIH	SAS	male	YR4
NA21110_Hap1	NA21110	Hap1	GIH	SAS	female	YR4
NA21110_Hap2	NA21110	Hap2	GIH	SAS	female	YR4
HG03874_Hap1	HG03874	Hap1	ITU	SAS	female	YR4
HG03874_Hap2	HG03874	Hap2	ITU	SAS	female	YR4
NA18508_Hap1	NA18508	Hap1	YRI	AFR	female	YR4
NA18508_Hap2	NA18508	Hap2	YRI	AFR	female	YR4
NA21093_Hap1	NA21093	Hap1	GIH	SAS	male	YR4
NA21093_Hap2	NA21093	Hap2	GIH	SAS	male	YR4
NA21106_Hap1	NA21106	Hap1	GIH	SAS	female	YR4
NA21106_Hap2	NA21106	Hap2	GIH	SAS	female	YR4
NA20503_Hap1	NA20503	Hap1	TSI	EUR	female	YR4
NA20503_Hap2	NA20503	Hap2	TSI	EUR	female	YR4
HG03270_Hap1	HG03270	Hap1	ESN	AFR	female	YR4
HG03270_Hap2	HG03270	Hap2	ESN	AFR	female	YR4
HG00320_Hap1	HG00320	Hap1	FIN	EUR	female	YR4
HG00320_Hap2	HG00320	Hap2	FIN	EUR	female	YR4
HG01786_Hap1	HG01786	Hap1	IBS	EUR	female	YR4
HG01786_Hap2	HG01786	Hap2	IBS	EUR	female	YR4
HG00146_Hap1	HG00146	Hap1	GBR	EUR	female	YR4
HG00146_Hap2	HG00146	Hap2	GBR	EUR	female	YR4
HG00232_Hap1	HG00232	Hap1	GBR	EUR	female	YR4
HG00232_Hap2	HG00232	Hap2	GBR	EUR	female	YR4
HG00321_Hap1	HG00321	Hap1	FIN	EUR	male	YR4
HG00321_Hap2	HG00321	Hap2	FIN	EUR	male	YR4
HG00126_Hap1	HG00126	Hap1	GBR	EUR	male	YR4
HG00126_Hap2	HG00126	Hap2	GBR	EUR	male	YR4
HG00133_Hap1	HG00133	Hap1	GBR	EUR	female	YR4
HG00133_Hap2	HG00133	Hap2	GBR	EUR	female	YR4
HG00290_Hap1	HG00290	Hap1	FIN	EUR	male	YR4
HG00290_Hap2	HG00290	Hap2	FIN	EUR	male	YR4
NA19443_Hap1	NA19443	Hap1	LWK	AFR	male	YR4
NA19443_Hap2	NA19443	Hap2	LWK	AFR	male	YR4
HG00128_Hap1	HG00128	Hap1	GBR	EUR	female	YR4
HG00128_Hap2	HG00128	Hap2	GBR	EUR	female	YR4
NA19036_Hap1	NA19036	Hap1	LWK	AFR	female	YR4
NA19036_Hap2	NA19036	Hap2	LWK	AFR	female	YR4
NA18505_Hap1	NA18505	Hap1	YRI	AFR	female	YR4
NA18505_Hap2	NA18505	Hap2	YRI	AFR	female	YR4
HG03583_Hap1	HG03583	Hap1	MSL	AFR	female	YR4
HG03583_Hap2	HG03583	Hap2	MSL	AFR	female	YR4
HG00329_Hap1	HG00329	Hap1	FIN	EUR	male	YR4
HG00329_Hap2	HG00329	Hap2	FIN	EUR	male	YR4
HG03784_Hap1	HG03784	Hap1	ITU	SAS	female	YR4
HG03784_Hap2	HG03784	Hap2	ITU	SAS	female	YR4
NA20806_Hap1	NA20806	Hap1	TSI	EUR	male	YR4
NA20806_Hap2	NA20806	Hap2	TSI	EUR	male	YR4
NA21144_Hap1	NA21144	Hap1	GIH	SAS	female	YR4
NA21144_Hap2	NA21144	Hap2	GIH	SAS	female	YR4
NA20827_Hap1	NA20827	Hap1	TSI	EUR	male	YR4
NA20827_Hap2	NA20827	Hap2	TSI	EUR	male	YR4
HG03521_Hap1	HG03521	Hap1	ESN	AFR	male	YR4
HG03521_Hap2	HG03521	Hap2	ESN	AFR	male	YR4
NA20762_Hap1	NA20762	Hap1	TSI	EUR	male	YR4
NA20762_Hap2	NA20762	Hap2	TSI	EUR	male	YR4
HG00344_Hap1	HG00344	Hap1	FIN	EUR	female	YR4
HG00344_Hap2	HG00344	Hap2	FIN	EUR	female	YR4
HG00350_Hap1	HG00350	Hap1	FIN	EUR	female	YR4
HG00350_Hap2	HG00350	Hap2	FIN	EUR	female	YR4
HG02583_Hap1	HG02583	Hap1	GWD	AFR	female	YR4
HG02583_Hap2	HG02583	Hap2	GWD	AFR	female	YR4
HG00272_Hap1	HG00272	Hap1	FIN	EUR	female	YR4
HG00272_Hap2	HG00272	Hap2	FIN	EUR	female	YR4
HG00097_Hap1	HG00097	Hap1	GBR	EUR	female	YR4
HG00097_Hap2	HG00097	Hap2	GBR	EUR	female	YR4
NA18879_Hap1	NA18879	Hap1	YRI	AFR	male	YR4
NA18879_Hap2	NA18879	Hap2	YRI	AFR	male	YR4
NA20850_Hap1	NA20850	Hap1	GIH	SAS	male	YR4
NA20850_Hap2	NA20850	Hap2	GIH	SAS	male	YR4
NA19835_Hap1	NA19835	Hap1	ASW	AFR	female	YR4
NA19835_Hap2	NA19835	Hap2	ASW	AFR	female	YR4
HG00253_Hap1	HG00253	Hap1	GBR	EUR	female	YR4
HG00253_Hap2	HG00253	Hap2	GBR	EUR	female	YR4
HG00235_Hap1	HG00235	Hap1	GBR	EUR	female	YR4
HG00235_Hap2	HG00235	Hap2	GBR	EUR	female	YR4
HG03369_Hap1	HG03369	Hap1	ESN	AFR	female	YR4
HG03369_Hap2	HG03369	Hap2	ESN	AFR	female	YR4
NA18565_Hap1	NA18565	Hap1	CHB	EAS	female	YR4
NA18565_Hap2	NA18565	Hap2	CHB	EAS	female	YR4
NA20809_Hap1	NA20809	Hap1	TSI	EUR	male	YR4
NA20809_Hap2	NA20809	Hap2	TSI	EUR	male	YR4
NA21102_Hap1	NA21102	Hap1	GIH	SAS	female	YR4
NA21102_Hap2	NA21102	Hap2	GIH	SAS	female	YR4
HG01167_Hap1	HG01167	Hap1	PUR	AMR	male	YR4
HG01167_Hap2	HG01167	Hap2	PUR	AMR	male	YR4
NA18967_Hap1	NA18967	Hap1	JPT	EAS	male	YR5
NA18967_Hap2	NA18967	Hap2	JPT	EAS	male	YR5
NA18970_Hap1	NA18970	Hap1	JPT	EAS	male	YR5
NA18970_Hap2	NA18970	Hap2	JPT	EAS	male	YR5
